Date,Close,Volume,Value,Change,PercentChange
2021-09-27,5607.8,171108994,2024440077.18,-17.4399999999996,-0.310031216445869
2021-09-28,5585.05,154247864,2080819655.38,-40.1899999999996,-0.7144584053302544
2021-09-29,5554.82,90359095,1502527713.22,-70.42000000000007,-1.2518576985159757
2021-09-30,5575.56,154353431,1651804825.86,-49.67999999999938,-0.883162318407737
2021-10-01,5548.82,125409174,1580461821.72,-76.42000000000007,-1.3585198142657038
2021-10-04,5587.84,107730160.0,1643873933.74,-37.399999999999636,-0.6648605215066316
2021-10-05,5592.37,73221753,1257950088.09,-32.86999999999989,-0.5843306241155913
2021-10-06,5527.44,136699133,1904448223.67,-97.80000000000018,-1.73859248672057
2021-10-07,5544.84,241518647,2279255255.09,-80.39999999999964,-1.429272351046349
2021-10-08,5548.22,173586633,2018537528.97,-77.01999999999953,-1.369186025840667
2021-10-11,5524.58,115607003,1610464019.91,-100.65999999999985,-1.7894347618946012
2021-10-12,5615.14,99651887,1983350957.05,-10.099999999999454,-0.1795478948453658
2021-10-14,5592.01,157662652,1907400859.51,-33.22999999999956,-0.5907303510605693
2021-10-15,5616.78,107427131,1807121014.45,-8.460000000000036,-0.15039358320711715
2021-10-18,5621.43,109431607,1523146865.69,-3.8099999999994907,-0.06773044350106823
2021-10-19,5661.16,245324148,2599206845.08,35.92000000000007,0.6385505329550397
2021-10-20,5693.2,295031625,2443929585.61,67.96000000000004,1.2081262310585867
2021-10-21,5715.55,259620946,2687987901.74,90.3100000000004,1.60544261222633
2021-10-25,5750.21,118437779,2093914778.08,124.97000000000025,2.221594100873923
2021-10-26,5698.61,114085371,1848677007.3,73.36999999999989,1.3042999054262554
2021-10-27,5675.64,126702565,1675007938.56,50.400000000000546,0.895961772297725
2021-10-28,5781.7,129615011,2188359965.53,156.46000000000004,2.781392438367075
2021-10-29,5712.83,157256606,2355376995.41,87.59000000000015,1.5570891197531154
2021-11-01,5731.71,97004744,1573553895.91,106.47000000000025,1.8927192439789282
2021-11-02,5769.51,125404439,1890007930.56,144.27000000000044,2.564690573202218
2021-11-03,5711.95,88152006,1413576566.74,86.71000000000004,1.5414453427764867
2021-11-04,5751.82,94985722,1363716757.43,126.57999999999993,2.2502151019334273
2021-11-05,5738.92,56623255,1028936294.54,113.68000000000029,2.0208915530715186
2021-11-08,5754.59,106132284,1464972583.45,129.35000000000036,2.2994574453712264
2021-11-09,5817.74,99082410.0,1679638715.54,192.5,3.4220762136371072
2021-11-10,5810.87,89972599,1287595940.21,185.6300000000001,3.2999480911036705
2021-11-11,5882.38,160228405,2378383158.36,257.1400000000003,4.571182740647516
2021-11-12,5865.49,162508092,1885232508.52,240.25,4.270928884812026
2021-11-15,5885.72,152846422,1578905908.78,260.4800000000005,4.630557985081534
2021-11-16,5904.44,187354878,2686380194.77,279.1999999999998,4.9633437862206735
2021-11-17,5829.37,101451632,1824176381.38,204.1300000000001,3.6288229479986653
2021-11-18,5848.1,95626745,1400692244.81,222.86000000000058,3.961786519330741
2021-11-19,5794.28,88805432,1303016018.75,169.03999999999996,3.00502734105567
2021-11-22,5788.76,73244409,1025062990.64,163.52000000000044,2.9068981945659287
2021-11-23,5764.41,68149552,1066529582.61,139.17000000000007,2.4740277748149424
2021-11-24,5725.19,63895365,1157929369.21,99.94999999999982,1.7768130781975493
2021-11-25,5727.18,75523390.0,1002643171.89,101.94000000000051,1.812189346587888
2021-11-26,5702.74,520491714,4777465223.77,77.5,1.3777189951006534
2021-11-29,5660.99,360691088,3934131111.8,35.75,0.6355284396754628
2021-11-30,5578.74,306746251,4239559981.4,-46.5,-0.8266313970603921
2021-12-01,5607.19,232186529,3029003711.51,-18.050000000000182,-0.32087519821376836
2021-12-02,5663.28,208730100.0,2321586467.09,38.039999999999964,0.676237813853275
2021-12-03,5609.49,164184022,2003913093.31,-15.75,-0.27998805384303604
2021-12-07,5617.28,146133358,1884801041.89,-7.960000000000036,-0.14150507356130648
2021-12-08,5608.7,117196560.0,1437633903.53,-16.539999999999964,-0.29403189908341626
2021-12-09,5630.44,163608192,1518173391.99,5.199999999999818,0.09244050031642771
2021-12-13,5642.56,163321264,1564116684.21,17.32000000000062,0.30789797413089254
2021-12-14,5661.13,169995842,1596547098.33,35.89000000000033,0.6380172223762955
2021-12-15,5605.64,153253969,1757817224.38,-19.599999999999454,-0.34842957811576847
2021-12-16,5694.9,132951999,1667963613.69,69.65999999999985,1.2383471638543397
2021-12-17,5699.84,99069882,1524125454.63,74.60000000000036,1.326165639154958
2021-12-20,5682.31,201134151,1793669313.18,57.07000000000062,1.0145344909728407
2021-12-21,5664.76,113979792,1148721601.23,39.52000000000044,0.7025478024048829
2021-12-22,5692.79,83164185,915995770.42,67.55000000000018,1.2008376531490246
2021-12-23,5675.16,147648683,1099744803.51,49.92000000000007,0.8874288030377384
2021-12-24,5677.56,90880550.0,984306471.02,52.32000000000062,0.9300936493376393
2021-12-27,5692.84,99287121,1056914874.45,67.60000000000036,1.2017265041136087
2021-12-28,5755.6,100381244,1358204367.31,130.36000000000058,2.3174122348557677
2021-12-29,5774.98,109749845,1128976889.74,149.73999999999978,2.661930868727375
2021-12-30,5752.41,103046027,1392722445.73,127.17000000000007,2.2607035433154867
2022-01-04,5656.11,249893752,3461489855.27,30.86999999999989,0.5487765855323486
2022-01-05,5672.43,125382371,1654294211.69,47.19000000000051,0.8388975403716199
2022-01-06,5665.33,426719111,4651892527.1,40.090000000000146,0.7126807034011019
2022-01-07,5678.51,183047921,2609919431.58,53.27000000000044,0.9469818176646764
2022-01-10,5671.36,182852863,1817503157.8,46.11999999999989,0.819876129729574
2022-01-11,5670.08,131236704,1583013405.62,44.840000000000146,0.7971215450363033
2022-01-12,5680.25,144909401,1535560583.88,55.01000000000022,0.9779138312320935
2022-01-13,5651.7,91221006,1373690170.56,26.460000000000036,0.4703799304563012
2022-01-14,5630.62,125371491,1852549970.74,5.380000000000109,0.09564036378892472
2022-01-17,5620.03,134934887,1655150226.64,-5.210000000000036,-0.0926182705093478
2022-01-18,5566.7,142976412,2110695697.57,-58.539999999999964,-1.0406667093315123
2022-01-19,5526.22,166726824,2094558270.57,-99.01999999999953,-1.7602804502563363
2022-01-20,5492.93,148333888,1807198532.16,-132.3099999999995,-2.35207742247441
2022-01-21,5529.23,124724117,1768516655.68,-96.01000000000022,-1.7067716221885683
2022-01-24,5507.82,71193532,836234293.28,-117.42000000000007,-2.0873776052221786
2022-01-25,5525.26,139947120.0,1627250990.89,-99.97999999999956,-1.7773463887762935
2022-01-26,5575.66,121007310.0,1915122265.75,-49.57999999999993,-0.8813846164785846
2022-01-27,5547.96,71079663,1336831500.48,-77.27999999999975,-1.3738080508564923
2022-01-28,5583.09,80566532,1089670298.03,-42.149999999999636,-0.7493013631418328
2022-01-31,5585.03,82055292,1006725762.26,-40.210000000000036,-0.7148139457160946
2022-02-01,5617.51,61552952,1059931051.04,-7.729999999999563,-0.13741635912422517
2022-02-02,5657.78,55368657,972044835.81,32.539999999999964,0.5784642077493576
2022-02-03,5672.82,82411823,1325308163.83,47.57999999999993,0.8458305778953419
2022-02-04,5624.68,134400800.0,1596120915.41,-0.5599999999994907,-0.009955130803298894
2022-02-07,5647.57,140289247,1860635814.97,22.329999999999927,0.39696084078190313
2022-02-08,5626.72,104367955,1474076992.4,1.480000000000473,0.026309988551607984
2022-02-09,5714.31,176419818,2840619618.79,89.07000000000062,1.5833991083047234
2022-02-10,5714.02,149717142,1708302182.83,88.78000000000065,1.578243772710154
2022-02-11,5663.11,125799805,1641892049.08,37.86999999999989,0.673215720573698
2022-02-14,5658.08,131741163,1552693425.27,32.840000000000146,0.5837973135368473
2022-02-15,5702.11,120000701,1776667432.71,76.86999999999989,1.36651947294693
2022-02-17,5738.94,113593276,2027357652.67,113.69999999999982,2.0212470934573425
2022-02-18,5725.13,72703012,1442377164.32,99.89000000000033,1.7757464570400612
2022-02-21,5715.24,219680668,2063774145.25,90.0,1.5999317362459202
2022-02-22,5782.83,535338722,4756550337.37,157.59000000000015,2.801480470166609
2022-02-23,5807.72,173098012,2123717516.87,182.48000000000047,3.24395048033507
2022-02-24,5872.0,304177820.0,5667802647.58,246.76000000000022,4.386657280400485
2022-02-25,5873.8,234027634,2905262623.79,248.5600000000004,4.418655915125407
2022-02-28,5869.34,176730030.0,2564945155.08,244.10000000000036,4.339370409084775
2022-03-01,5949.73,208286930.0,3356299690.93,324.4899999999998,5.768464989938203
2022-03-02,5991.65,189632835,2624487083.7,366.40999999999985,6.513677638642971
2022-03-03,6081.77,454517946,9143352151.05,456.53000000000065,8.1157426172039
2022-03-04,6040.61,150086742,2545828536.31,415.3699999999999,7.384040503160752
2022-03-07,5969.9,251517378,3472100239.77,344.65999999999985,6.127027469050207
2022-03-08,6099.96,442048243,5490360503.08,474.72000000000025,8.439106598118485
2022-03-09,6114.03,219226901,3718977354.42,488.78999999999996,8.689229259551594
2022-03-10,6195.68,240633109,4111337508.96,570.4400000000005,10.140722884712483
2022-03-11,6274.31,198377694,3510452815.73,649.0700000000006,11.53852991161267
2022-03-14,6296.4,213930038,3459540369.35,671.1599999999999,11.931224267764573
2022-03-15,6338.74,214151836,3857424454.61,713.5,12.683903264571823
2022-03-16,6308.11,176214945,3535684168.14,682.8699999999999,12.139393163669459
2022-03-17,6318.28,206095812,3556163654.32,693.04,12.320185449865251
2022-03-18,6494.23,505048683,6362985515.67,868.9899999999998,15.44805199422602
2022-03-21,6477.92,334294042,5296030188.09,852.6800000000003,15.158108809579685
2022-03-22,6464.26,167184756,3448173618.75,839.0200000000004,14.915274726056142
2022-03-23,6453.71,99306397,2117077736.5,828.4700000000003,14.727727172529534
2022-03-24,6406.34,177096565,3632457349.89,781.1000000000004,13.885629768685432
2022-03-25,6412.44,87511387,2176254437.15,787.1999999999998,13.994069586364313
2022-03-28,6435.24,119708759,2183813245.73,810.0,14.399385626213283
2022-03-29,6401.04,167652139,3633555040.88,775.8000000000002,13.791411566439836
2022-03-30,6357.88,199597122,3890054995.28,732.6400000000003,13.02415541381346
2022-03-31,6346.68,125563119,3097266660.57,721.4400000000005,12.825052797747308
2022-04-01,6392.0,75573973,2501586549.56,766.7600000000002,13.630707312043581
2022-04-04,6430.78,74206146,1807576016.65,805.54,14.32010012017265
2022-04-05,6423.55,79410902,1393543456.35,798.3100000000004,14.191572270694236
2022-04-07,6498.52,182054418,4359219519.96,873.2800000000007,15.52431540698709
2022-04-08,6654.26,281563891,4835397339.34,1029.0200000000004,18.292908391464195
2022-04-11,6782.2,481739508,6370950409.45,1156.96,20.56730023963422
2022-04-12,6843.56,439144509,4457086233.68,1218.3200000000006,21.658098143368118
2022-04-18,6860.34,424564393,4336248815.73,1235.1000000000004,21.956396527081516
2022-04-19,6858.66,344310538,4484136316.97,1233.42,21.92653113467159
2022-04-20,6966.34,407462229,6094733088.03,1341.1000000000004,23.84076057199338
2022-04-21,6983.97,301164189,5262154840.77,1358.7300000000005,24.15416942210467
2022-04-22,7002.87,235433172,4481633711.71,1377.63,24.4901550867163
2022-04-25,6854.64,223608468,5334254742.64,1229.4000000000005,21.85506751711928
2022-04-26,6713.19,183703035,4625271852.49,1087.9499999999998,19.34050813831943
2022-04-27,6731.92,161969089,3397184086.03,1106.6800000000003,19.673471709651505
2022-04-28,6576.89,128023892,3078351351.62,951.6500000000005,16.917500408871454
2022-04-29,6473.32,182102259,4067338637.77,848.0799999999999,15.076334520838223
2022-05-03,6360.53,286453026,5009247929.82,735.29,13.071264514936253
2022-05-05,6255.19,221949474,4518421866.21,629.9499999999998,11.198633302756859
2022-05-06,6275.48,221200585,3557750964.72,650.2399999999998,11.559329024183853
2022-05-09,6208.82,243253203,14599121217.44,583.5799999999999,10.374312918204378
2022-05-10,6281.29,212770932,4264213781.63,656.0500000000002,11.66261350626818
2022-05-11,6240.26,186710684,3157015077.73,615.0200000000004,10.933222404732962
2022-05-12,6332.56,182192876,3532550989.34,707.3200000000006,12.574041285349614
2022-05-13,6556.98,326807455,6571016851.17,931.7399999999998,16.563559954775258
2022-05-17,6539.25,332669439,5437831062.82,914.0100000000002,16.248373402734824
2022-05-18,6504.43,233762510.0,4657478654.02,879.1900000000005,15.629377591000573
2022-05-19,6516.22,232684653,4705679939.92,890.9800000000005,15.838968648448786
2022-05-20,6600.79,222342877,4853498040.06,975.5500000000002,17.342371169941195
2022-05-23,6622.75,159682772,3692656649.05,997.5100000000002,17.732754513585203
2022-05-24,6588.77,270419066,4834616433,963.5300000000007,17.128691398055917
2022-05-25,6682.38,282000747,4307391571.44,1057.1400000000003,18.792798173944583
2022-05-26,6573.64,229726221,4789968026.44,948.4000000000005,16.859725096173687
2022-05-27,6592.27,237100393,4470971540.31,967.0300000000007,17.19091096557659
2022-05-30,6597.55,213667485,3800432143.56,972.3100000000004,17.284773627436348
2022-05-31,6706.67,423444277,7611352448.09,1081.4300000000003,19.224601972538068
2022-06-01,6725.78,223701789,5554127029.39,1100.54,19.564320811200947
2022-06-02,6568.24,212342555,5404521277.31,943.0,16.76372919199892
2022-06-06,6572.12,141101251,2902791139.31,946.8800000000001,16.832704026850415
2022-06-07,6413.84,213506497,4062486125.43,788.6000000000004,14.01895741337259
2022-06-08,6411.0,144187549,3249399720.89,785.7600000000002,13.968470678584387
2022-06-09,6400.63,121674582,3237694646.12,775.3900000000003,13.784122988530273
2022-06-10,6360.69,107659587,2591487872.15,735.4499999999998,13.074108838022909
2022-06-13,6317.27,152736272,2560458221.19,692.0300000000007,12.302230660380724
2022-06-14,6323.02,175609869,2761998273.66,697.7800000000007,12.404448521307547
2022-06-15,6314.53,125766046,2312706926.03,689.29,12.253521627521671
2022-06-16,6194.61,243177121,4137033812.24,569.3699999999999,10.121701474070438
2022-06-17,6227.98,200929186,3394283600.95,602.7399999999998,10.71492060783184
2022-06-20,6278.81,96537194,1763439260.8,653.5700000000006,11.618526498424966
2022-06-21,6351.31,112445811,2794402049.88,726.0700000000006,12.907360397067514
2022-06-22,6299.13,112642274,2248555542.15,673.8900000000003,11.979755530430706
2022-06-23,6350.56,142276198,2536917473.03,725.3200000000006,12.894027632598798
2022-06-24,6435.98,156112490.0,3356796618.66,810.7399999999998,14.412540620489077
2022-06-27,6422.85,145240346,2541094625.3,797.6100000000006,14.179128357190104
2022-06-28,6426.11,114337674,2435078046.81,800.8699999999999,14.237081440080777
2022-06-29,6453.77,183132083,2574774300.64,828.5300000000007,14.728793793687036
2022-06-30,6492.35,788196512,5583138306.45,867.1100000000006,15.414631197957787
2022-07-01,6524.96,312037539,3114210545.29,899.7200000000003,15.994339797057554
2022-07-04,6545.4,361571762,2787126989.91,920.1599999999999,16.357702071378284
2022-07-05,6700.28,604883845,7650189638.97,1075.04,19.111006819264603
2022-07-06,6795.77,361039585,5324149642.19,1170.5300000000007,20.80853439142153
2022-07-07,6873.97,201490262,3650438404.3,1248.7300000000005,22.198697300026318
2022-07-08,6883.05,144634814,3298997942.17,1257.8100000000004,22.36011263519424
2022-07-11,6736.84,194804121,3519873894.33,1111.6000000000004,19.760934644566284
2022-07-12,6790.58,184176473,3223130162.78,1165.3400000000001,20.71627166129801
2022-07-14,6792.89,189108960.0,4288236028,1167.6500000000005,20.757336575861665
2022-07-15,6826.08,196594451,3601377958.14,1200.8400000000001,21.347355846150567
2022-07-18,6708.94,153181106,3808746064.05,1083.6999999999998,19.26495580633004
2022-07-19,6705.58,142076589,2774441635.21,1080.3400000000001,19.205225021510195
2022-07-20,6721.5,116401658,2606910660.96,1096.2600000000002,19.488235168632812
2022-07-21,6778.37,130416200.0,2414102465.74,1153.13,20.499214255747315
2022-07-22,6779.94,96382491,1997917039.71,1154.6999999999998,20.527124176035155
2022-07-25,6787.17,119622162,2375511561.01,1161.9300000000003,20.655652025513586
2022-07-26,6715.72,95710808,2077949910.15,1090.4800000000005,19.385483997127242
2022-07-27,6798.4,98284195,1776204508.18,1173.1599999999999,20.855287952158484
2022-08-01,6868.45,131172791,2547633615.83,1243.21,22.10056815353656
2022-08-02,6888.91,313484766,3793824530.19,1263.67,22.464285968243132
2022-08-03,7007.31,340603851,3556019955.25,1382.0700000000006,24.56908505237111
2022-08-04,6928.1,201197194,3610298449.4,1302.8600000000006,23.160967354281784
2022-08-05,6891.66,139007089,2742487958.33,1266.42,22.513172771295093
2022-08-08,6797.47,371017530.0,4401633898.61,1172.2300000000005,20.838755324217285
2022-08-09,6859.41,134386881,2500001383.02,1234.17,21.939863899140303
2022-08-10,6837.18,167885705,2660873613.78,1211.9400000000005,21.544680760287573
2022-08-11,7071.36,268428497,8360898912.87,1446.12,25.707703137999445
2022-08-15,7007.39,225204569,5686434634.62,1382.1500000000005,24.57050721391444
2022-08-16,7073.77,153130288,4662320828.64,1448.5300000000007,25.750545754492265
2022-08-17,7048.05,184830263,5498190027.72,1422.8100000000004,25.29332081831176
2022-08-18,6931.06,434751058,24662612708.53,1305.8200000000006,23.213587331384982
2022-08-19,6962.42,222591254,6477384662.59,1337.1800000000003,23.771074656370224
2022-08-22,6970.66,189238103,3604328651.88,1345.42,23.91755729533318
2022-08-23,7267.13,486842957,9509401151.85,1641.8900000000003,29.18791020472016
2022-08-24,7153.11,1096968933,11313071134.05,1527.87,27.16097446508949
2022-08-25,7288.67,484682195,7555199904.25,1663.4300000000003,29.570827200261682
2022-08-26,7206.14,261414900.0,4863560108.18,1580.9000000000005,28.10368979812418
2022-08-29,7142.02,251356846,4749274958.48,1516.7800000000007,26.96382732114542
2022-08-30,7219.43,276950379,6265649486.53,1594.1900000000005,28.33994638450983
2022-08-31,7328.67,285926965,8896620047.84,1703.4300000000003,30.281907971926536
2022-09-01,7270.58,336081478,6885679199.56,1645.3400000000001,29.24924092127625
2022-09-02,7315.96,203811034,3780767555.18,1690.7200000000003,30.05596205673003
2022-09-05,7340.11,171754839,3056293970.46,1714.87,30.48527707262268
2022-09-06,7319.26,249728317,3286365771.91,1694.0200000000004,30.114626220392385
2022-09-07,7350.31,128101798,3202730307.7,1725.0700000000006,30.66660266939723
2022-09-08,7435.14,181539105,4501981293.99,1809.9000000000005,32.17462721590547
2022-09-09,7458.61,127593625,2796159479.31,1833.37,32.59185385867981
2022-09-12,7522.68,156114758,2330971920.76,1897.4400000000005,33.730827484694
2022-09-13,7545.06,151171763,3236139052.29,1919.8200000000006,34.12867717644048
2022-09-14,7439.0,152164237,3100549717.36,1813.7600000000002,32.24324651037112
2022-09-15,7400.94,136655853,2893741150.83,1775.6999999999998,31.566653156132002
2022-09-16,7249.68,428425877,8305224433.82,1624.4400000000005,28.877701218081373
2022-09-19,7358.73,113279301,2799207077.94,1733.4899999999998,30.816285171832664
2022-09-20,7357.54,141806007,3889949197.53,1732.3000000000002,30.795130518875645
2022-09-21,7359.5,103090011,1945033744.79,1734.2600000000002,30.829973476687222
2022-09-22,7417.73,116024184,2318636640.75,1792.4899999999998,31.865129310038323
2022-09-23,7347.07,118252405,2229433034.14,1721.83,30.609005126892367
2022-09-26,7326.52,125495178,2432294838.68,1701.2800000000007,30.243687380449558
2022-09-27,7313.19,220529190.0,3423294176.91,1687.9499999999998,30.006719713292227
2022-09-28,7389.49,167480233,3181988232.74,1764.25,31.363106285242942
2022-09-29,7350.51,153741287,3040498437.43,1725.2700000000004,30.670158073255553
2022-09-30,7338.67,143610462,2548430506.99,1713.4300000000003,30.45967816484275
2022-10-03,7197.06,209618500.0,3981981952.09,1571.8200000000006,27.94227446295626
2022-10-04,7322.95,153572517,3568478401.55,1697.71,30.180223421578457
2022-10-05,7301.84,132552617,2668293262.31,1676.6000000000004,29.804950544332335
2022-10-06,7361.91,141122650.0,3129581445.11,1736.67,30.872816093180024
2022-10-07,7385.83,129245351,2688140684.91,1760.5900000000001,31.29804239463561
2022-10-10,7316.15,91992014,1760592917.99,1690.9099999999999,30.059339690395433
2022-10-11,7296.84,110895898,2667116524.4,1671.6000000000004,29.71606544787423
2022-10-12,7329.87,95608957,2062589177.54,1704.63,30.30324039507648
2022-10-17,7370.32,149479931,3683907724.08,1745.08,31.02232082542256
2022-10-18,7332.89,99490574,2276975963.81,1707.6500000000005,30.356926993337186
2022-10-19,7174.04,147955919,3965326838.36,1548.8000000000002,27.53304747886313
2022-10-20,7259.06,199194394,3313775774.09,1633.8200000000006,29.044449659036783
2022-10-21,7273.49,94686243,1857188603.83,1648.25,29.300972047414866
2022-10-25,7338.15,117385012,2637849552.12,1712.9099999999999,30.450434114811102
2022-10-26,7335.04,89360982,2286731641.32,1709.8000000000002,30.395147584814165
2022-10-27,7372.19,95228201,2105191216.09,1746.9499999999998,31.055563851497887
2022-10-28,7376.76,72478657,1884087658.87,1751.5200000000004,31.136804829660612
2022-10-31,7366.6,94556817,2106858683.26,1741.3600000000006,30.95619031365774
2022-11-01,7368.45,137545526,2463652901.66,1743.21,30.98907779934723
2022-11-02,7438.6,171847196,2881004194.65,1813.3600000000006,32.23613570265448
2022-11-03,7432.97,141056492,1899893645.9,1807.7300000000005,32.13605108404265
2022-11-04,7473.69,116847906,2844620271.62,1848.4499999999998,32.85993130959746
2022-11-07,7424.64,158457463,3800459407.52,1799.4000000000005,31.987968513343443
2022-11-08,7482.11,161713249,12358725559.63,1856.87,33.00961381203291
2022-11-09,7526.54,107262094,3321747605.18,1901.3000000000002,33.79944677915965
2022-11-10,7678.91,257621624,7188346232.62,2053.67,36.508131208623986
2022-11-11,7710.34,253283756,5740629701.78,2085.1000000000004,37.06686292495965
2022-11-14,7549.62,128702470.0,3450106376.36,1924.38,34.20974038441027
2022-11-15,7627.66,132789792,3204888988.23,2002.42,35.5970589699284
2022-11-16,7520.26,163549660.0,3878395988.07,1895.0200000000004,33.68780709800827
2022-11-17,7249.37,226723406,7659707569.52,1624.13,28.87219034210096
2022-11-18,7264.9,168241306,3927134639.58,1639.6599999999999,29.14826745169984
2022-11-21,7293.86,115856412,2664465644.84,1668.62,29.663089930385194
2022-11-22,7289.45,123424307,2603370137.75,1664.21,29.584693275309142
2022-11-23,7313.94,110248885,3067811065.89,1688.6999999999998,30.020052477760945
2022-11-24,7314.12,155666492,3604510873.15,1688.88,30.02325234123344
2022-11-25,7247.37,77605394,1769226814.29,1622.13,28.836636303517718
2022-11-28,7263.25,174246906,2260589884.1,1638.0100000000002,29.11893536986867
2022-11-29,7360.17,133422721,3143425819.4,1734.9300000000003,30.84188407961261
2022-11-30,7420.77,281260473,6153917384.81,1795.5300000000007,31.919171448684867
2022-12-01,7257.11,172410203,5235652742.25,1631.87,29.009784471418108
2022-12-02,7212.98,123664463,3318988139.57,1587.7399999999998,28.225284610078855
2022-12-06,7116.24,189137932,3729319860.65,1491.0,26.505535763807412
2022-12-07,7139.4,100807225,2199707075.43,1514.1599999999999,26.917251530601362
2022-12-08,7095.66,150376795,3889415685.04,1470.42,26.139684706785843
2022-12-09,7076.76,72072262,2011438387.62,1451.5200000000004,25.803699042174213
2022-12-13,7011.45,150699750.0,3642277283.26,1386.21,24.642681912238412
2022-12-14,7080.03,121084311,3466170985.79,1454.79,25.861829895257802
2022-12-15,7062.32,130963482,2520740443.29,1437.08,25.54699888360319
2022-12-16,7038.85,133709628,3036157007.66,1413.6100000000006,25.129772240828846
2022-12-19,7047.69,162071952,3056418120.36,1422.4499999999998,25.286921091366764
2022-12-20,6985.63,96015972,1798698205.64,1360.3900000000003,24.183679274128753
2022-12-21,7055.99,132899215,2667378010.54,1430.75,25.434470351487228
2022-12-22,7047.06,49855448,1214240104.55,1421.8200000000006,25.275721569213058
2022-12-23,7043.3,166089506,2159815946.51,1418.0600000000004,25.208879976676556
2022-12-26,7032.52,49170126,1101833260.06,1407.2800000000007,25.017243708712883
2022-12-27,7110.84,127227599,2039871982.31,1485.6000000000004,26.409539859632662
2022-12-28,7183.46,99834750.0,2220174726.17,1558.2200000000003,27.700507000590203
2022-12-29,7318.5,142399210.0,2830152903.36,1693.2600000000002,30.101115685730747
2022-12-30,7204.76,155677801,3509038296.48,1579.5200000000004,28.079157511501744
2023-01-03,7250.12,100367992,2130706298.48,1624.88,28.885523106569675
2023-01-04,7287.67,90221388,1630984751.26,1662.4300000000003,29.55305018097006
2023-01-05,7326.67,203640197,3224012278.17,1701.4300000000003,30.246353933343293
2023-01-06,7476.59,217272738,4193437233.57,1851.3500000000004,32.91148466554316
2023-01-09,7494.28,102677323,2153197377.88,1869.04,33.22596013681194
2023-01-10,7561.49,114888225,2539770445.59,1936.25,34.42075360340181
2023-01-11,7472.23,114329338,2356272017.16,1846.9899999999998,32.83397686143169
2023-01-12,7407.35,143805764,2923561631.33,1782.1100000000006,31.68060384979131
2023-01-13,7431.92,148462893,2932909355.04,1806.6800000000003,32.11738521378644
2023-01-16,7378.19,93050811,2187967244.29,1752.9499999999998,31.162225967247615
2023-01-17,7347.8,62127849,1927574897.2,1722.5600000000004,30.621982350975255
2023-01-18,7366.19,87938297,2369420509.84,1740.9499999999998,30.94890173574816
2023-01-19,7379.75,64061794,1819894847.79,1754.5100000000002,31.189958117342556
2023-01-20,7341.64,86541255,1648222946.96,1716.4000000000005,30.51247591213887
2023-01-23,7340.2,48848424,1118182455.93,1714.96,30.486877004358927
2023-01-24,7286.04,71167358,1221749301.03,1660.8000000000002,29.52407363952472
2023-01-25,7201.71,112046648,2670214838.01,1576.4700000000003,28.02493760266229
2023-01-26,7322.35,97021908,2279198348.61,1697.1100000000006,30.169557210003497
2023-01-27,7391.71,69709131,2341829740.38,1766.4700000000003,31.402571268070346
2023-01-30,7382.07,121825041,2406177235.93,1756.83,31.23120080209911
2023-01-31,7402.29,268410719,4720466806.95,1777.0500000000002,31.590652132175702
2023-02-01,7471.12,154406563,2978835290.67,1845.88,32.81424437001799
2023-02-02,7441.15,95282101,2216558188.18,1815.9099999999999,32.2814671018481
2023-02-03,7442.65,172023954,2155638367.49,1817.4099999999999,32.30813263078553
2023-02-06,7407.49,68050584,1614198353.51,1782.25,31.683092632492126
2023-02-07,7345.01,137991224,2684278350.49,1719.7700000000004,30.572384467151636
2023-02-08,7335.54,79175310.0,1979667239.36,1710.3000000000002,30.404036094459975
2023-02-09,7263.29,166127708,2825590594.06,1638.0500000000002,29.119646450640335
2023-02-10,7222.15,54639978,1086402185.42,1596.9099999999999,28.388299876983027
2023-02-13,7201.49,105517798,2022786421.04,1576.25,28.02102665841813
2023-02-14,7246.79,116674876,2348498334.87,1621.5500000000002,28.826325632328583
2023-02-15,7244.78,73737262,1140956602.11,1619.54,28.790593823552417
2023-02-16,7323.29,127432868,3077578673.27,1698.0500000000002,30.186267608137616
2023-02-17,7346.76,101875557,2355586506.44,1721.5200000000004,30.60349425091197
2023-02-20,7369.05,64554579,1419960648.87,1743.8100000000004,30.999744010922207
2023-02-21,7376.26,53809831,1164074738.15,1751.0200000000004,31.1279163200148
2023-02-22,7386.03,80148445,1552376171.6,1760.79,31.301597798493933
2023-02-23,7325.01,67159491,1806625187.89,1699.7700000000004,30.21684408131921
2023-02-24,7261.56,87901760.0,1610721888.02,1636.3200000000006,29.088892207265836
2023-02-27,7149.17,174174334,2943067202.82,1523.9300000000003,27.09093300908051
2023-02-28,7058.51,239635183,4618790521.56,1433.2700000000004,25.47926844010212
2023-03-01,7023.88,136436512,2825627200.88,1398.6400000000003,24.86365026203327
2023-03-02,6953.82,108025970.0,1868461515.28,1328.58,23.618192290462275
2023-03-03,7013.53,142197531,2482174255.98,1388.29,24.679658112364983
2023-03-07,7079.6,97186913,2379278389.74,1454.3600000000006,25.854185776962417
2023-03-08,7064.67,94343881,2558779556.9,1439.4300000000003,25.588774878938505
2023-03-09,7075.44,136797889,2805579353.12,1450.1999999999998,25.780233376709255
2023-03-10,7078.32,81208743,1596170414.78,1453.08,25.831431192269132
2023-03-13,7009.59,98158430.0,2422475796.62,1384.3500000000004,24.609616656356003
2023-03-14,6876.17,223348547,4080767899.94,1250.9300000000003,22.237806742467882
2023-03-15,7008.05,127223737,2867047367.27,1382.8100000000004,24.582240046646906
2023-03-16,7032.71,122435878,2644839184.92,1407.4700000000003,25.020621342378288
2023-03-17,7061.96,107696597,1775448504.01,1436.7200000000003,25.54059915665821
2023-03-20,7001.2,93667406,2203213096.07,1375.96,24.460467464499292
2023-03-21,7063.59,86938388,1783030707.7,1438.3500000000004,25.569575698103552
2023-03-22,7124.68,85096944,1594326358.75,1499.4400000000005,26.655573806628706
2023-03-23,7130.48,102772876,1817000051.03,1505.2399999999998,26.758680518520094
2023-03-24,7177.41,64250988,1575698470.0,1552.17,27.59295603387589
2023-03-27,7165.65,57833034,987739644.19,1540.4099999999999,27.38389828700642
2023-03-28,7234.53,81917593,1911683101.26,1609.29,28.6083793758133
2023-03-29,7274.18,73332823,2116813554.24,1648.9400000000005,29.313238190726096
2023-03-30,7232.84,79936241,2438938971.44,1607.6000000000004,28.578336213210466
2023-03-31,7258.55,56570629,1787708933.58,1633.3100000000004,29.03538337919805
2023-04-03,7291.74,40040753,1004933519.56,1666.5,29.625402649486958
2023-04-04,7390.1,114454943,2372487052.78,1764.8600000000006,31.37395026701084
2023-04-05,7360.7,117248561,2605681343.83,1735.46,30.851305899837165
2023-04-07,7347.56,62854974,1210393934.31,1722.3200000000006,30.617715866345268
2023-04-10,7449.93,107240671,2681051506.86,1824.6900000000005,32.437549331228546
2023-04-11,7447.99,126040909,2552115372.44,1822.75,32.40306191380279
2023-04-12,7327.81,115481670.0,3178294341.83,1702.5700000000006,30.26661973533575
2023-04-17,7445.88,127297885,2328979042.95,1820.6400000000003,32.365552403097475
2023-04-18,7456.24,115474683,2290178519.45,1831.0,32.549722322958665
2023-04-19,7385.22,195956076,4661292673.94,1759.9800000000005,31.287198412867728
2023-04-20,7377.42,122484673,2724015136.69,1752.1800000000003,31.14853766239308
2023-04-21,7330.07,73898207,1870809925.25,1704.83,30.306795798934804
2023-04-24,7298.21,67383488,1464516540.47,1672.9700000000003,29.74041996430375
2023-04-25,7346.23,73502927,2037959459.71,1720.9899999999998,30.594072430687397
2023-04-26,7341.85,43231115,1230593427.72,1716.6100000000006,30.516209086190113
2023-04-27,7331.97,73946259,1738710395.23,1706.7300000000005,30.340572135588893
2023-04-28,7284.52,171367471,2895267804.23,1659.2800000000007,29.49705257020146
2023-05-02,7252.8,111196335,1966062493.49,1627.5600000000004,28.933165518271228
2023-05-03,7320.59,114115398,2097971993.16,1695.3500000000004,30.138269656050237
2023-05-08,7410.03,108413600.0,3251504268,1784.79,31.728246261492846
2023-05-09,7364.26,81672700.0,2066729490.0,1739.0200000000004,30.914592088515345
2023-05-10,7374.91,69007400.0,1711995112.08,1749.67,31.1039173439711
2023-05-11,7274.3,193630700.0,3493457470.0,1649.0600000000004,29.315371433041086
2023-05-12,7284.49,123888400.0,2835482492,1659.25,29.4965192596227
2023-05-15,7241.27,122281800.0,2037411725.8,1616.0300000000007,28.728196485838836
2023-05-16,7192.99,120141200.0,2081386261,1567.75,27.86992199443935
2023-05-17,7123.81,214193100.0,2737953111,1498.5700000000006,26.640107799844994
2023-05-18,7057.94,131447200.0,3004371131,1432.6999999999998,25.46913553910588
2023-05-19,6915.26,127690700.0,2660552067,1290.0200000000004,22.932710426577362
2023-05-22,6951.86,97652500.0,2263152264,1326.62,23.583349332650698
2023-05-23,7001.53,129743900.0,2596984378,1376.29,24.466333880865527
2023-05-24,7014.2,123258600.0,2842918425,1388.96,24.69156871529037
2023-05-25,6976.88,133279400.0,3064538356,1351.6400000000003,24.028130355327068
2023-05-26,6931.51,81814500.0,1882653213,1306.2700000000004,23.22158699006621
2023-05-29,7011.09,126602600.0,2708100812,1385.8500000000004,24.636282185293435
2023-05-30,7056.56,145499900.0,2578268879,1431.3200000000006,25.44460325248346
2023-05-31,6983.77,215979600.0,5514267831,1358.5300000000007,24.150614018246344
2023-06-01,6990.7,98576100.0,1932757584,1365.46,24.273808761937268
2023-06-02,7037.1,85447700.0,2214469251,1411.8600000000006,25.09866245706851
2023-06-06,7102.7,99224700.0,2465608352,1477.46,26.264834922598858
2023-06-07,7069.6,86230900.0,2316064849,1444.3600000000006,25.676415584046204
2023-06-08,7072.46,83969400.0,2297276179,1447.2200000000003,25.727257859220234
2023-06-09,7116.37,91459500.0,2635997298,1491.13,26.507846776315322
2023-06-12,7134.55,71511300.0,1269621465,1509.3100000000004,26.831032987037005
2023-06-13,7133.69,95175100.0,1926539481.2,1508.4499999999998,26.8157447504462
2023-06-14,7086.03,137591300.0,2423142724,1460.79,25.96849201100753
2023-06-15,7108.5,62054000.0,1439924151,1483.2600000000002,26.36794163449027
2023-06-16,7039.41,206165900.0,4860703262.5,1414.17,25.139727371632144
2023-06-19,6997.77,62518800.0,1156040946,1372.5300000000007,24.399492288329043
2023-06-20,7042.59,66865600.0,1238074419.64,1417.3500000000004,25.196258292979504
2023-06-21,6993.67,82246300.0,1718137563,1368.4300000000003,24.32660650923339
2023-06-22,7007.72,136051500.0,2165761280.16,1382.4800000000005,24.576373630280674
2023-06-23,6941.21,108851500.0,1942335908,1315.9700000000003,23.394024077194935
2023-06-26,6910.62,71430800.0,1361425614,1285.38,22.850225057064236
2023-06-27,6841.92,81858100.0,1478450505,1216.6800000000003,21.628943831729853
2023-06-28,6784.7,162725700.0,3046263664.07,1159.46,20.611742787863275
2023-06-29,6793.48,160059900.0,3650500217,1168.2399999999998,20.767825017243705
2023-06-30,6840.62,140947300.0,2948835749,1215.38,21.605833706650742
2023-07-03,6853.64,51194100.0,896214273,1228.4000000000005,21.83729049782766
2023-07-04,6832.29,80115400.0,1792634719,1207.0500000000002,21.457751135951536
2023-07-05,6831.37,83944400.0,1796548710.0,1206.13,21.441396278203243
2023-07-06,6770.52,104579900.0,2376149524,1145.2800000000007,20.359664654308094
2023-07-07,6696.1,128218800.0,2661797595,1070.8600000000006,19.036698878625636
2023-07-10,6831.27,134271300.0,2624478015,1206.0300000000007,21.43961857627409
2023-07-11,6789.07,99798900.0,2512780245,1163.83,20.68942836216766
2023-07-12,6790.68,72815900.0,1871635435,1165.4400000000005,20.71804936322718
2023-07-13,6726.62,129579300.0,2646429483.62,1101.38,19.57925350740591
2023-07-14,6793.38,91759500.0,1670848358,1168.1400000000003,20.76604731531455
2023-07-17,6910.27,104566000.0,1851853830.0,1285.0300000000007,22.844003100312175
2023-07-18,6928.17,67275000.0,1768471270.0,1302.9300000000003,23.16221174563219
2023-07-19,6939.71,93701800.0,2290242472,1314.4700000000003,23.367358548257503
2023-07-20,6849.52,74950800.0,1915453994.6,1224.2800000000007,21.76404917834618
2023-07-21,6894.55,62590500.0,1751133601,1269.3100000000004,22.564548357047887
2023-07-24,6883.41,62603300.0,1419660078.64,1258.17,22.366512362139215
2023-07-25,6886.97,73960200.0,1867149482,1261.7300000000005,22.429798550817395
2023-07-26,6811.4,86699800.0,1655414872,1186.1599999999999,21.08638920294956
2023-07-27,6900.14,88811100.0,2191560450.88,1274.9000000000005,22.663921894888052
2023-07-31,6888.55,137425100.0,2345745507,1263.3100000000004,22.45788624129816
2023-08-02,6808.46,118456400.0,2518301680.0,1183.2200000000003,21.034124766232203
2023-08-03,6835.1,115943500.0,2615172392,1209.8600000000006,21.507704560161
2023-08-04,6883.45,126217700.0,3320050505,1258.21,22.36722344291088
2023-08-07,6870.07,55548400.0,1603944116,1244.83,22.129366924788986
2023-08-08,6834.2,178449600.0,2246036078,1208.96,21.49170524279853
2023-08-09,6921.23,80366600.0,2139374763,1295.9899999999998,23.03883923174833
2023-08-10,7130.21,189767900.0,5542136100.0,1504.9700000000003,26.75388072331137
2023-08-11,7050.14,98785300.0,3300431460.0,1424.9000000000005,25.330474788631253
2023-08-15,6981.84,95142300.0,2491360899,1356.6000000000004,24.11630437101351
2023-08-16,7004.76,90066100.0,2182392158,1379.5200000000004,24.523753653177476
2023-08-17,7079.58,201589500.0,4340282262,1454.3400000000001,25.853830236576574
2023-08-18,7062.08,154445200.0,3298596360.0,1436.8400000000001,25.5427323989732
2023-08-21,7046.38,165304800.0,3350533376,1421.1400000000003,25.26363319609475
2023-08-22,7088.06,92235400.0,2095607571,1462.8200000000006,26.004579360169533
2023-08-23,7100.21,125781700.0,3771345940.0,1474.9700000000003,26.22057014456273
2023-08-24,7034.57,147458200.0,3873714018,1409.33,25.053686598260697
2023-08-25,7056.99,76238200.0,1226543978,1431.75,25.45224737077885
2023-08-28,7066.86,104489200.0,1761568408,1441.62,25.62770655118715
2023-08-29,7116.54,117789100.0,2004606703,1491.3000000000002,26.510868869594905
2023-08-30,7194.09,241982400.0,4636626952,1568.8500000000004,27.889476715660138
2023-08-31,7139.26,176988000.0,2986849662,1514.0200000000004,26.914762747900546
2023-09-01,7072.48,89608000.0,2034925648,1447.2399999999998,25.727613399606057
2023-09-04,7002.93,66842500.0,1289808775,1377.6900000000005,24.49122170787381
2023-09-05,6981.48,94507100.0,1713299210.0,1356.2399999999998,24.109904644068514
2023-09-06,7059.4,267836500.0,3740024479.34,1434.1599999999999,25.495089987271655
2023-09-07,7082.59,90597600.0,1684919667,1457.3500000000004,25.907339064644358
2023-09-08,7050.02,74046100.0,1460570858,1424.7800000000007,25.328341546316256
2023-09-11,7115.65,183259800.0,4296942131,1490.4099999999999,26.495047322425357
2023-09-12,7043.45,95879600.0,2681808125,1418.21,25.211546529570295
2023-09-13,7090.82,100359500.0,2520147684,1465.58,26.0536439334144
2023-09-14,7087.07,52589100.0,1060531977,1461.83,25.986980111070817
2023-09-15,6993.82,179702300.0,2748578381,1368.58,24.32927306212713
2023-09-18,7006.46,63334600.0,1125842724,1381.2200000000003,24.553974585973226
2023-09-19,6945.31,106261300.0,2735541627,1320.0700000000006,23.466909856290588
2023-09-20,6936.31,182546000.0,4405579208,1311.0700000000006,23.306916682665996
2023-09-21,6949.31,150944300.0,3962107537,1324.0700000000006,23.538017933457073
2023-09-22,6969.21,111552500.0,3350353650.0,1343.9700000000003,23.891780617360332
2023-09-25,7012.0,118734000.0,3027551772,1386.7600000000002,24.65245927284881
2023-09-26,7084.75,141064400.0,3393036680.0,1459.5100000000002,25.94573742631426
2023-09-27,7047.22,80879100.0,1733216736,1421.9800000000005,25.278565892299717
2023-09-28,6988.62,102824000.0,2805374582,1363.38,24.236832561810697
2023-09-29,7008.97,71231700.0,2464655711,1383.7300000000005,24.598594904395203
2023-10-02,7024.45,103087900.0,2005154717,1399.21,24.87378316302949
2023-10-03,6975.94,113716000.0,2857438895,1350.6999999999998,24.011419957192935
2023-10-04,7078.08,119416900.0,2645702984.66,1452.8400000000001,25.82716470763914
2023-10-05,7065.22,105523400.0,2583605787,1439.9800000000005,25.5985522395489
2023-10-06,6982.71,128356600.0,2034524278,1357.4700000000003,24.13177037779722
2023-10-09,6885.83,84113000.0,2141047719,1260.5900000000001,22.409532748824944
2023-10-10,6876.81,102781500.0,1811071915,1251.5700000000006,22.249184034814526
2023-10-11,7025.99,177523800.0,3361823469,1400.75,24.901159772738588
2023-10-12,7027.25,100273500.0,2287658230.0,1402.0100000000002,24.923558817046036
2023-10-16,6935.8,83916100.0,1842049828,1310.5600000000004,23.297850402827265
2023-10-17,6946.26,74837000.0,1630433806,1321.0200000000004,23.483798024617627
2023-10-18,7010.24,137541400.0,1638785515,1385.0,24.62117171889555
2023-10-19,6907.39,57040100.0,1219409684,1282.1500000000005,22.792805284752305
2023-10-20,6891.21,85614900.0,1592542086.67,1265.9700000000003,22.505173112613868
2023-10-24,6853.62,70366400.0,1710678254,1228.38,21.83693495744182
2023-10-25,6891.08,53815000.0,1110726578,1265.8400000000001,22.502862100105954
2023-10-26,6802.43,83761800.0,2435197279,1177.1900000000005,20.92692933990373
2023-10-27,6737.19,85199400.0,2412671404.76,1111.9499999999998,19.76715660131834
2023-10-30,6802.7,73109100.0,1800731229,1177.46,20.93172913511246
2023-10-31,6806.52,59107000.0,1507578888,1181.2800000000007,20.999637348806463
2023-11-01,6803.34,79834300.0,2129333302,1178.1000000000004,20.9431064274591
2023-11-02,6825.42,58068500.0,1961991304,1200.1800000000003,21.3356230134181
2023-11-03,6856.59,90095200.0,2181571671,1231.3500000000004,21.889732704737938
2023-11-06,6754.2,105173800.0,3244315569.94,1128.96,20.069543699468824
2023-11-07,6776.23,72076300.0,2031650784.5,1150.9899999999998,20.461171434463235
2023-11-08,6813.94,123733800.0,2292465878.1,1188.6999999999998,21.13154283195028
2023-11-09,6705.96,148008200.0,5928863320.96,1080.7200000000003,19.211980288841016
2023-11-10,6654.35,82141500.0,2241310321,1029.1100000000006,18.294508323200443
2023-11-13,6444.37,446220900.0,5030601349,819.1300000000001,14.561689812345788
2023-11-14,6472.41,136509700.0,2881150977.5,847.1700000000001,15.060157433282848
2023-11-15,6598.92,210955300.0,3665220612,973.6800000000003,17.309128143865866
2023-11-16,6596.56,113159700.0,2755440096.9,971.3200000000006,17.267174378337646
2023-11-17,6568.64,80341800.0,2031229077,943.4000000000005,16.77083999971558
2023-11-20,6604.65,74342600.0,2092072618,979.4099999999999,17.41099046440685
2023-11-21,6625.41,91856500.0,2301730799,1000.1700000000001,17.780041384900912
2023-11-22,6593.75,64234800.0,1640637920.0,968.5100000000002,17.217220954128184
2023-11-23,6567.21,64555600.0,1505334932,941.9700000000003,16.745418862128556
2023-11-24,6500.51,74612900.0,1747092799,875.2700000000004,15.559691675377415
2023-11-27,6513.16,53563200.0,1699298906,887.9200000000001,15.784570969416416
2023-11-28,6505.03,100590500.0,1809178346,879.79,15.640043802575535
2023-11-29,6462.28,88388700.0,1760591969,837.04,14.880076227858723
2023-11-30,6468.63,263414500.0,5162215813,843.3900000000003,14.992960300360524
2023-12-01,6418.11,87295800.0,1908102489.5,792.8699999999999,14.094865285747806
2023-12-04,6482.91,63600200.0,1183018446.08,857.6700000000001,15.24681613584487
2023-12-06,6405.51,117649200.0,3214621572,780.2700000000004,13.870874842673388
2023-12-07,6400.56,125782100.0,2864116135,775.3200000000006,13.782878597179865
2023-12-08,6394.15,81101400.0,1460632657,768.9099999999999,13.668927903520558
2023-12-12,6363.62,72136500.0,1380188852,738.3800000000001,13.126195504547365
2023-12-13,6336.58,86988400.0,2218554943,711.3400000000001,12.645504902901923
2023-12-14,6347.32,71652500.0,1534630613.2,722.0799999999999,12.836430090093934
2023-12-15,6349.87,171505000.0,4693379617,724.6300000000001,12.881761489287571
2023-12-18,6375.43,64009300.0,1394429442,750.1900000000005,13.33614210238142
2023-12-19,6371.73,84413700.0,1606672201.26,746.4899999999998,13.270367131002406
2023-12-20,6376.9,69220500.0,1836828197,751.6599999999999,13.362274320740092
2023-12-21,6398.66,86095200.0,1868204689,773.4200000000001,13.749102260525774
2023-12-22,6416.54,111933700.0,2541771528,791.3000000000002,14.066955365459966
2023-12-25,6477.17,47306900.0,829961925,851.9300000000003,15.14477604511097
2023-12-26,6618.75,110067300.0,2812629893,993.5100000000002,17.661646436418717
2023-12-27,6666.75,108785700.0,2062175620.0,1041.5100000000002,18.514943362416542
2023-12-28,6685.6,106105100.0,2488049710.28,1060.3600000000006,18.85004017606361
2024-01-02,6703.06,57472100.0,1064651684,1077.8200000000006,19.16042693289532
2024-01-03,6663.72,75706000.0,1945147320.87,1038.4800000000005,18.461078993962932
2024-01-04,6663.61,80167600.0,2031219723.01,1038.37,18.459123521840844
2024-01-05,6709.08,76455300.0,2335719924,1083.8400000000001,19.26744458903087
2024-01-08,6680.17,76847300.0,1848398949,1054.9300000000003,18.753510961310102
2024-01-09,6684.63,89014300.0,2068872319,1059.3900000000003,18.832796467350732
2024-01-10,6767.18,132032500.0,3768140056,1141.9400000000005,20.30028940987408
2024-01-11,6774.05,91818600.0,1891610752.97,1148.8100000000004,20.422417532407515
2024-01-12,6820.17,84748500.0,1716080790.91,1194.9300000000003,21.242293662137087
2024-01-15,6775.17,65390100.0,1386775578,1149.9300000000003,20.44232779401413
2024-01-16,6803.13,55671700.0,1262162178,1177.8900000000003,20.93937325340786
2024-01-17,6683.11,92864400.0,3024588181,1057.87,18.80577539802746
2024-01-18,6655.14,83280200.0,2304349346,1029.9000000000005,18.308552168440823
2024-01-19,6704.71,69161800.0,2071827357,1079.4700000000003,19.189759014726487
2024-01-22,6740.17,79410900.0,1714050534,1114.9300000000003,19.820132118807383
2024-01-23,6665.6,56377500.0,1185576949,1040.3600000000006,18.494499790231185
2024-01-24,6727.67,107975100.0,2468844248,1102.4300000000003,19.597919377662116
2024-01-25,6730.56,42499700.0,1063361807,1105.3200000000006,19.649294963414906
2024-01-26,6666.38,87594600.0,2020309482,1041.1400000000003,18.50836586527864
2024-01-29,6682.69,62217200.0,1568811104,1057.4499999999998,18.798309049924978
2024-01-30,6681.99,71774000.0,1624907451,1056.75,18.785865136420846
2024-01-31,6686.07,187383900.0,3139001636,1060.83,18.858395375130662
2024-02-01,6688.78,85650100.0,1836804488,1063.54,18.906571097410957
2024-02-02,6790.54,82385400.0,1757008610.0,1165.3000000000002,20.715560580526347
2024-02-05,6828.28,138769800.0,3454988353,1203.04,21.38646528859213
2024-02-06,6856.15,358400500.0,3842261589,1230.9099999999999,21.881910816249615
2024-02-07,6771.43,136937900.0,2891101634.28,1146.1900000000005,20.375841741863468
2024-02-08,6751.97,62965400.0,1424754429,1126.7300000000005,20.029900946448517
2024-02-09,6741.03,75185900.0,2388740637,1115.79,19.83542035539817
2024-02-12,6727.0,86717200.0,1445506049,1101.7600000000002,19.58600877473673
2024-02-13,6791.12,60897600.0,1226720539,1165.88,20.725871251715485
2024-02-14,6758.51,71261300.0,1358164906,1133.2700000000004,20.14616265261572
2024-02-15,6770.46,80807300.0,1423513231,1145.2200000000003,20.358598033150592
2024-02-16,6716.95,73219600.0,1877587399,1091.71,19.40734973085593
2024-02-19,6735.05,35906700.0,723155672,1109.8100000000004,19.729113780034282
2024-02-20,6704.06,72209100.0,1380727771,1078.8200000000006,19.17820395218694
2024-02-21,6791.19,95593700.0,2639690237,1165.9499999999998,20.727115643065893
2024-02-22,6963.28,176524400.0,5178498033.28,1338.04,23.786362892961012
2024-02-23,6852.53,214287300.0,1877829480.0,1227.29,21.81755800641395
2024-02-27,6823.34,73064000.0,1627270177,1198.1000000000004,21.298646813291526
2024-02-28,6725.85,97589900.0,2756529909,1100.6100000000006,19.56556520255137
2024-02-29,6643.22,152773600.0,4404156802.6,1017.9800000000005,18.096650098484695
2024-03-01,6618.99,144611100.0,3518391361.75,993.75,17.6659129210487
2024-03-04,6616.95,95963700.0,2933990787,991.71,17.629647801693796
2024-03-05,6656.24,120941600.0,3056252380.0,1031.0,18.328106889661598
2024-03-06,6815.17,112642400.0,3019892397.9,1189.9300000000003,21.15340856567898
2024-03-07,6793.56,134990800.0,3121150573.5,1168.3200000000006,20.76924717878705
2024-03-08,6777.12,71222800.0,1770048396,1151.88,20.476992981632787
2024-03-11,6806.69,74979300.0,1455700135,1181.4499999999998,21.002659442086024
2024-03-12,6798.64,102578500.0,2501488142,1173.4000000000005,20.859554436788486
2024-03-13,6745.4,77324400.0,1806411932,1120.1599999999999,19.913105929702553
2024-03-14,6787.79,69631400.0,1932190576,1162.5500000000002,20.666673777474386
2024-03-15,6761.84,92838500.0,2649161156,1136.6000000000004,20.205360126856817
2024-03-18,6792.72,76381700.0,2046229292,1167.4800000000005,20.754314482582085
2024-03-19,6751.01,63896800.0,1527308870.0,1125.7700000000004,20.012835007928558
2024-03-20,6729.4,39350300.0,1373314288,1104.1599999999999,19.62867362103661
2024-03-21,6736.88,509702000.0,4444555332,1111.6400000000003,19.761645725337946
2024-03-22,6716.59,381157700.0,2967461486,1091.3500000000004,19.40095000391095
2024-03-25,6653.86,313182800.0,3354283663,1028.62,18.285797583747534
2024-03-26,6655.93,327865300.0,2523760200.0,1030.6900000000005,18.322596013681206
2024-03-27,6653.16,319667600.0,2466995904,1027.92,18.273353670243402
2024-03-28,6607.8,156868100.0,1655315535,982.5600000000004,17.46698807517547
2024-03-29,6652.03,89715000.0,1190272993,1026.79,18.25326563844387
2024-04-01,6670.99,65658000.0,1087968766,1045.75,18.59031792421301
2024-04-02,6647.51,59249100.0,644486057,1022.2700000000004,18.17291351124575
2024-04-03,6601.95,102542100.0,1559595114,976.71,17.362992512319476
2024-04-04,6625.85,53410000.0,1158638790.0,1000.6100000000006,17.787863273389235
2024-04-05,6650.87,68469800.0,2004453858,1025.63,18.232644296065594
2024-04-09,6677.4,81803800.0,2111047383,1052.1599999999999,18.7042686178723
2024-04-10,6656.69,118081300.0,2105537612,1031.4499999999998,18.336106548342823
2024-04-11,6573.74,89994100.0,1771890548,948.5,16.861502798102837
2024-04-17,6536.45,127183500.0,2594096977.72,911.21,16.198597748718278
2024-04-18,6551.93,137807600.0,3189768970.0,926.6900000000005,16.473786007352587
2024-04-19,6512.03,123273600.0,2601934531.24,886.79,15.764482937616885
2024-04-22,6611.11,113099000.0,2059276469,985.8699999999999,17.525830009030724
2024-04-23,6608.76,133677800.0,1924694828,983.5200000000004,17.484054013695424
2024-04-24,6658.7,174698200.0,1479437589,1033.46,18.371838357118985
2024-04-25,6867.68,269110600.0,8546669806,1242.4400000000005,22.086879848682024
2024-04-26,6874.63,192596200.0,3078253824,1249.3900000000003,22.210430132758788
2024-04-29,6816.72,87191200.0,2368449634.88,1191.4800000000005,21.180962945580998
2024-04-30,6822.25,134446600.0,2964531549,1197.0100000000002,21.27926986226366
2024-05-02,6769.23,100402500.0,1870367247,1143.9899999999998,20.336732299421886
2024-05-03,6835.42,61310900.0,2189958095,1210.1800000000003,21.513393206334314
2024-05-07,6867.38,111806000.0,2884415288,1242.1400000000003,22.08154674289453
2024-05-08,6826.62,97595900.0,2066136932,1201.38,21.356955436568043
2024-05-09,6855.4,154102200.0,2333830214,1230.1599999999999,21.8685780517809
2024-05-10,6866.01,68711400.0,1371679396,1240.7700000000004,22.057192226465013
2024-05-13,6894.42,104884700.0,2451968303,1269.1800000000003,22.562237344539973
2024-05-14,6934.18,81178300.0,1232014088,1308.9400000000005,23.269051631574843
2024-05-15,6869.01,114270200.0,2295980558,1243.7700000000004,22.110523284339877
2024-05-16,6850.82,119434800.0,2576475899,1225.58,21.787159303425277
2024-05-17,6886.15,172234400.0,1762979486,1260.9099999999999,22.415221394998255
2024-05-20,6787.61,170795700.0,2827004135,1162.37,20.66347391400189
2024-05-21,6786.77,102500800.0,1475823853,1161.5300000000007,20.64854121779694
2024-05-23,6788.14,111799900.0,1635502349.27,1162.9000000000005,20.67289573422646
2024-05-24,6782.09,64019800.0,1230897045.52,1156.8500000000004,20.565344767512148
2024-05-27,6766.69,80956000.0,944366491,1141.4499999999998,20.29157867042117
2024-05-28,6744.23,95763400.0,1544821244,1118.9899999999998,19.892306817131352
2024-05-29,6663.88,149105500.0,2434682308.2,1038.6400000000003,18.463923317049588
2024-05-30,6564.91,126420200.0,2548099638,939.6700000000001,16.70453171775782
2024-05-31,6533.03,132680900.0,3421219433,907.79,16.13780034274093
2024-06-04,6554.44,97432900.0,1975718742.75,929.1999999999998,16.518406325774542
2024-06-05,6594.97,84787566,1331316876,969.7300000000005,17.238908917663966
2024-06-06,6582.5,108694100.0,2381799910.5,957.2600000000002,17.017229487097445
2024-06-07,6565.54,80062500.0,1795176502,940.3000000000002,16.715731239911545
2024-06-10,6455.31,81573200.0,1533801694,830.0700000000006,14.756170403396133
2024-06-11,6528.19,76184100.0,1652152427,902.9499999999998,16.051759569369484
2024-06-12,6534.06,79023600.0,2099269964,908.8200000000006,16.156110672611312
2024-06-13,6547.97,46334400.0,1044655613,922.7300000000005,16.403389010957763
2024-06-14,6485.82,57694700.0,1023492797,860.5799999999999,15.29854726198349
2024-06-17,6465.58,159594900.0,3486526474,840.3400000000001,14.938740391521076
2024-06-18,6368.28,86338200.0,1862635482,743.04,13.209036414446317
2024-06-19,6261.95,151175300.0,2777461628,636.71,11.318805953168221
2024-06-20,6271.13,105465600.0,1932854342,645.8900000000003,11.48199899026531
2024-06-21,6241.97,157198500.0,3186621286,616.7300000000005,10.963621107721634
2024-06-24,6364.51,122745100.0,2418274927,739.2700000000004,13.142017051716913
2024-06-25,6394.03,143870100.0,1833314949,768.79,13.666794661205566
2024-06-26,6408.28,183871200.0,2387330231.5,783.04,13.92011718611117
2024-06-27,6476.65,110507300.0,2396356517,851.4099999999999,15.135531995079319
2024-06-28,6382.23,163206500.0,2466396130.0,756.9899999999998,13.45702583356443
2024-07-01,6280.26,68181800.0,1572201788,655.0200000000004,11.644303176397814
2024-07-02,6268.79,81251700.0,1846805879.5,643.5500000000002,11.440400765122913
2024-07-03,6274.55,90045800.0,1396868121,649.3100000000004,11.542796396242657
2024-07-04,6342.56,100900200.0,1682997500.0,717.3200000000006,12.751811478265827
2024-07-05,6382.76,93767000.0,1420701438.5,757.5200000000004,13.466447653789002
2024-07-08,6379.59,91452700.0,1524705410.0,754.3500000000004,13.41009450263456
2024-07-09,6304.62,97082600.0,1480868309,679.3800000000001,12.077351366341706
2024-07-10,6338.07,104970700.0,1744945463,712.8299999999999,12.671992661646437
2024-07-11,6319.86,79342400.0,1972518437,694.6199999999999,12.34827314034601
2024-07-12,6317.72,162749000.0,2184385282.48,692.4800000000005,12.31023031906195
2024-07-15,6381.86,71872300.0,1342543921,756.6199999999999,13.450448336426533
2024-07-16,6341.41,72307900.0,1728513194,716.1700000000001,12.731367906080452
2024-07-17,6312.88,85595600.0,887655115,687.6400000000003,12.2241895456905
2024-07-18,6373.23,141593300.0,2552595436,747.9899999999998,13.297032659939838
2024-07-19,6357.49,104447800.0,2213665846.5,732.25,13.017222376289723
2024-07-23,6319.83,125280825,2431362874.5,694.5900000000001,12.347739829767267
2024-07-24,6286.7,65158500.0,1521658102,661.46,11.75878718063585
2024-07-25,6216.49,83079100.0,2089637790.76,591.25,10.510662656171116
2024-07-26,6278.47,63364200.0,1617938893,653.2300000000005,11.612482311865813
2024-07-30,6188.46,83182300.0,2030900607,563.2200000000003,10.012372805426974
2024-07-31,6241.02,67415900.0,1481884940.0,615.7800000000007,10.946732939394598
2024-08-01,6211.7,75359000.0,1169897124.48,586.46,10.425510733764249
2024-08-02,6157.56,70387800.0,1225357955,532.3200000000006,9.46306290931588
2024-08-05,6122.6,118614800.0,2397073158,497.3600000000006,8.841578314880797
2024-08-06,6159.56,96265200.0,2157368533.32,534.3200000000006,9.498616947899123
2024-08-07,6298.83,104501800.0,3254163958,673.5900000000001,11.974422424643219
2024-08-08,6294.14,126896200.0,4253386335.88,668.9000000000005,11.891048204165521
2024-08-09,6387.51,123959000.0,3111966625,762.2700000000004,13.550888495424203
2024-08-13,6327.0,72008900.0,2431434786.8,701.7600000000002,12.475201058088194
2024-08-14,6238.89,129283600.0,2708028701,613.6500000000005,10.908867888303444
2024-08-15,6147.79,156670300.0,3674119426,522.5500000000002,9.289381430836732
2024-08-16,6149.18,163167935,2701688467,523.9400000000005,9.314091487652092
2024-08-19,6169.72,110167700.0,2375901277,544.4800000000005,9.679231463901992
2024-08-20,6305.54,107775500.0,2191605771,680.3000000000002,12.093706224089997
2024-08-21,6449.79,185845700.0,3777381444,824.5500000000002,14.658041256906374
2024-08-22,6434.55,151776800.0,3151782248,809.3100000000004,14.38711948290207
2024-08-23,6397.15,138252200.0,2093223702,771.9099999999999,13.722258961395422
2024-08-26,6397.91,73064200.0,1243605387,772.6700000000001,13.735769496057058
2024-08-27,6389.28,103441100.0,2312341817,764.04,13.582353819570365
2024-08-28,6408.72,116126900.0,2627946025,783.4800000000005,13.927939074599491
2024-08-29,6390.85,101375200.0,1900444153.73,765.6100000000006,13.61026373985822
2024-08-30,6396.52,132826700.0,3750649766,771.2800000000007,13.711059439241714
2024-09-02,6378.96,66047400.0,1483643262,753.7200000000003,13.398894980480838
2024-09-03,6421.52,162606400.0,2455948107,796.2800000000007,14.155484921532247
2024-09-04,6448.29,96846300.0,2407615970.0,823.0500000000002,14.631375727968944
2024-09-05,6635.77,209387500.0,6061868266,1010.5300000000007,17.96421130476212
2024-09-06,6748.82,199502700.0,5719940817.1,1123.58,19.9739033356799
2024-09-09,6812.35,143778500.0,5614247658,1187.1100000000006,21.103277371276615
2024-09-10,6822.52,153432100.0,4356984157,1197.2800000000007,21.284069657472404
2024-09-11,6716.21,180572700.0,11115402591,1090.9700000000003,19.394194736580133
2024-09-12,6789.65,134663600.0,3652390114,1164.4099999999999,20.699739033356796
2024-09-13,6779.98,163519300.0,4155514427,1154.7399999999998,20.527835256806817
2024-09-16,6817.62,110813400.0,2379514930.0,1192.38,21.19696226294345
2024-09-17,6779.12,88461000.0,2244886558,1153.88,20.51254702021603
2024-09-18,6818.23,116951000.0,2632648444.44,1192.9899999999998,21.207806244711332
2024-09-19,6844.52,149400500.0,3245020303.86,1219.2800000000007,21.675164081888074
2024-09-20,6875.75,201022600.0,5111100925,1250.5100000000002,22.230340394365403
2024-09-23,6900.22,191189000.0,4369422928,1274.9800000000005,22.66534405643138
2024-09-24,6890.23,147485900.0,3240189113,1264.9899999999998,22.48775163370807
2024-09-25,6897.22,105903100.0,2390719543.88,1271.9800000000005,22.612012998556516
2024-09-26,6850.8,232258800.0,3920556091.5,1225.5600000000004,21.78680376303945
2024-09-27,6816.74,106962100.0,2574965928.4,1191.5,21.181318485966823
2024-09-30,6770.62,169402400.0,3409603144.48,1145.38,20.361442356237248
2024-10-01,6823.72,129827100.0,2708371519,1198.4800000000005,21.305402080622347
2024-10-02,6771.37,123244900.0,3238508724,1146.13,20.374775120705966
2024-10-03,6640.23,161446400.0,4413833814,1014.9899999999998,18.043496810802736
2024-10-04,6646.82,173509300.0,3786686940.0,1021.5799999999999,18.160647367934523
2024-10-07,6714.4,140367200.0,2904747192,1089.1599999999999,19.36201833166229
2024-10-08,6709.53,107430900.0,2455500375,1084.29,19.275444247712098
2024-10-09,6757.91,130203900.0,2846296166,1132.67,20.13549644104074
2024-10-10,6730.79,155517200.0,2309584928,1105.5500000000002,19.65338367785197
2024-10-11,6658.65,214595400.0,4382170997,1033.4099999999999,18.370949506154403
2024-10-15,6696.12,204299700.0,4432494384.13,1070.88,19.037054419011458
2024-10-16,6694.96,296822200.0,4710195585,1069.7200000000003,19.01643307663318
2024-10-17,6745.1,204833600.0,4057021116,1119.8600000000006,19.907772823915078
2024-10-18,6726.45,183528800.0,2912121150.0,1101.21,19.57623141412633
2024-10-21,6770.29,140489500.0,2656314444,1145.0500000000002,20.355575939871013
2024-10-22,6658.02,145620200.0,2846873436,1032.7800000000007,18.359749984000693
2024-10-24,6557.06,161759100.0,3830736141,931.8200000000006,16.564982116318603
2024-10-25,6638.04,141620900.0,2596380816,1012.8000000000002,18.004565138554092
2024-10-28,6606.04,93244341,2075918777.88,980.8000000000002,17.43570052122221
2024-10-29,6574.48,109793600.0,1773105703,949.2399999999998,16.87465779237863
2024-10-30,6477.08,130911600.0,2911496427.5,851.8400000000001,15.143176113374722
2024-10-31,6468.74,160937300.0,2341013956,843.5,14.994915772482598
2024-11-01,6468.12,125791600.0,2264302508,842.8800000000001,14.983894020521793
2024-11-04,6430.62,92308300.0,1508072651,805.3800000000001,14.317255797085995
2024-11-05,6411.7,117374800.0,2515724933,786.46,13.980914592088515
2024-11-06,6347.99,112841125,2703847367.13,722.75,12.84834069301932
2024-11-07,6148.33,162049500.0,7908963899,523.0900000000001,9.298981021254207
2024-11-08,6083.1,132379800.0,4404131042,457.8600000000006,8.139386052861756
2024-11-11,6038.95,95728500.0,3258927662,413.71000000000004,7.354530651136663
2024-11-12,5896.96,112612400.0,3504828418,271.72000000000025,4.830371681919354
2024-11-13,6082.72,193358100.0,6448278768,457.4800000000005,8.132630785530937
2024-11-14,6026.01,160650700.0,5940550443.6,400.77000000000044,7.124496021503091
2024-11-15,5981.07,173715900.0,4863713604,355.8299999999999,6.325596774537619
2024-11-18,5966.52,90561600.0,2419849759,341.28000000000065,6.0669411438445415
2024-11-19,5943.95,154488400.0,3906322185,318.71000000000004,5.6657138184326366
2024-11-20,5898.98,96244900.0,2290229451,273.7399999999998,4.866281260888421
2024-11-21,5876.63,113607500.0,3024685966,251.39000000000033,4.468964879720693
2024-11-22,5897.68,139483400.0,2541699887,272.4400000000005,4.8431711358093255
2024-11-25,5883.86,190259000.0,5401560249,258.6199999999999,4.597492729199108
2024-11-26,5817.85,190605800.0,4113889342,192.61000000000058,3.424031685759196
2024-11-27,5816.76,178590100.0,4941952767,191.52000000000044,3.404654734731326
2024-11-28,5819.37,195434800.0,3821943126,194.1300000000001,3.451052755082452
2024-11-29,5791.23,153642300.0,3393712983,165.98999999999978,2.9508074322162217
2024-12-02,5796.82,113014500.0,2821776069,171.57999999999993,3.0501809700563873
2024-12-03,5915.7,139830800.0,2776764919,290.46000000000004,5.163513023444334
2024-12-04,5894.63,145552400.0,2980276542.62,269.3900000000003,4.7889512269698775
2024-12-06,5861.04,117394800.0,2777045630.0,235.80000000000018,4.191821148964315
2024-12-09,5783.4,97565000.0,2914711418,158.15999999999985,2.811613371162828
2024-12-11,5764.59,88546600.0,2825452979,139.35000000000036,2.4772276382874394
2024-12-12,5712.29,145212300.0,3078098020.0,87.05000000000018,1.5474895293356405
2024-12-13,5627.92,100609300.0,3509288222,2.680000000000291,0.047642411701550355
2024-12-16,5557.13,138115500.0,3634788418,-68.10999999999967,-1.2107927839523234
2024-12-17,5441.67,215420300.0,4518390361,-183.5699999999997,-3.2633274313629235
2024-12-18,5488.85,178740700.0,4587444879.72,-136.38999999999942,-2.4246076611842238
2024-12-19,5401.99,169433500.0,4647506911,-223.25,-3.968719556854463
2024-12-20,5430.84,200604800.0,5047325203,-194.39999999999964,-3.455852550291181
2024-12-23,5557.72,143735600.0,3425498937,-67.51999999999953,-1.2003043425702642
2024-12-24,5610.42,88207200.0,2020032602,-14.819999999999709,-0.263455425901823
2024-12-25,5595.04,160649700.0,2215712122,-30.199999999999818,-0.5368659826069612
2024-12-26,5582.94,100468800.0,1638117603,-42.30000000000018,-0.7519679160355858
2024-12-27,5588.51,98234400.0,1987218024,-36.72999999999956,-0.652949918581244
2024-12-30,5617.6,123174200.0,2181944464,-7.639999999999418,-0.13581642738797667
2025-01-02,5640.95,156608350.0,2510210385,15.710000000000036,0.27927697307137184
2025-01-03,5638.85,91022600.0,1606933307,13.610000000000582,0.24194523255897674
2025-01-06,5534.88,133070200.0,2415456070.0,-90.35999999999967,-1.606331463190898
2025-01-07,5572.09,129890700.0,1814894508,-53.149999999999636,-0.9448485753496675
2025-01-08,5515.67,148293800.0,2729030916,-109.56999999999971,-1.9478280037829445
2025-01-09,5417.43,146456700.0,2503329481,-207.8099999999995,-3.6942423789918206
2025-01-10,5412.19,129272800.0,2512480020.0,-213.05000000000018,-3.7873939600799287
2025-01-13,5431.59,96847000.0,2129315013.8,-193.64999999999964,-3.442519785822465
2025-01-14,5339.57,180771600.0,2767981026,-285.6700000000001,-5.078361101037468
2025-01-15,5413.54,114877500.0,2252171773,-211.69999999999982,-3.7633949840362337
2025-01-16,5376.97,185073900.0,4421476801,-248.26999999999953,-4.413500579530821
2025-01-17,5331.23,136823800.0,2629597195,-294.0100000000002,-5.226621441929593
2025-01-20,5299.97,101650400.0,1745318367,-325.2699999999995,-5.782331064985663
2025-01-21,5364.21,114917200.0,2325176387,-261.02999999999975,-4.640335345691913
2025-01-22,5411.35,139531000.0,2831827219,-213.88999999999942,-3.802326656284877
2025-01-23,5346.8,109494800.0,1898712000.0,-278.4399999999996,-4.9498332515590375
2025-01-24,5336.04,120426500.0,2180905615,-289.1999999999998,-5.141113979136887
2025-01-27,5249.29,93612300.0,3253307549,-375.9499999999998,-6.6832704026850385
2025-01-28,5311.31,84457800.0,1854916069,-313.9299999999994,-5.580739666218675
2025-01-29,5257.2,89234200.0,1831736066,-368.03999999999996,-6.5426541800883165
2025-01-30,5269.58,114682600.0,2390571244,-355.65999999999985,-6.3225746812580415
2025-01-31,5236.17,117637300.0,2831678064,-389.0699999999997,-6.916504895791108
2025-02-03,5193.65,156950300.0,2433339921,-431.59000000000015,-7.672383756070855
2025-02-04,5138.26,117878500.0,2199694630.0,-486.97999999999956,-8.65705285463375
2025-02-05,5126.1,110310100.0,2047269312,-499.1399999999994,-8.873221409219862
2025-02-06,5016.74,176520500.0,3169125205.28,-608.5,-10.817316238951584
2025-02-07,5121.72,119445500.0,2056239410.0,-503.5199999999995,-8.951084753717167
2025-02-10,5019.62,101521900.0,1650207112,-605.6199999999999,-10.766118423391712
2025-02-11,5106.83,86370520.0,1400988593.6,-518.4099999999999,-9.215784570969415
2025-02-13,5036.78,89201700.0,2012492243,-588.46,-10.461064772347491
2025-02-14,5013.82,76740100.0,1697906026,-611.4200000000001,-10.869225135283118
2025-02-17,5196.31,101973700.0,2691570938.47,-428.9299999999994,-7.62509688475513
2025-02-18,5253.51,120819800.0,2581578511,-371.72999999999956,-6.608251381274392
2025-02-19,5264.49,137560500.0,2969011573,-360.75,-6.413059709452397
2025-02-20,5246.55,110516500.0,2484390465,-378.6899999999996,-6.731979435544076
2025-02-21,5264.87,77008200.0,1833164601,-360.3699999999999,-6.406304442121578
2025-02-24,5264.46,87804800.0,1832160491.92,-360.77999999999975,-6.413593020031141
2025-02-25,5154.19,93380600.0,2186170102,-471.0500000000002,-8.373864937318233
2025-02-26,5202.58,110805800.0,2065016173,-422.65999999999985,-7.5136349737966714
2025-02-27,5385.57,174194000.0,5674416828.91,-239.67000000000007,-4.2606182136228865
2025-02-28,5351.73,384387400.0,5939446162,-273.5100000000002,-4.862192546451356
2025-03-03,5315.32,122790900.0,2261562840.0,-309.9200000000001,-5.509453818859286
2025-03-04,5282.34,85152500.0,1935783140.0,-342.89999999999964,-6.095739915096949
2025-03-05,5263.34,93899800.0,2461935781,-361.89999999999964,-6.433503281637755
2025-03-06,5111.75,97238900.0,3186070790.0,-513.4899999999998,-9.128321636054636
2025-03-07,5135.23,74707400.0,1654199272,-490.0100000000002,-8.710917223087375
2025-03-10,5005.99,73728600.0,1542695360.6,-619.25,-11.008419196336511
2025-03-11,5102.0,125605900.0,2599742459,-523.2399999999998,-9.301647574147944
2025-03-12,5088.13,172707200.0,3155645210.5,-537.1099999999997,-9.548214831722731
2025-03-13,5058.96,74913200.0,1665507706.68,-566.2799999999997,-10.066770484459324
2025-03-14,5132.7,88861600.0,1907287216,-492.53999999999996,-8.755893081895174
2025-03-17,5083.9,85739100.0,1672960566.1,-541.3400000000001,-9.623411623326296
2025-03-18,5129.06,72761200.0,1826800422,-496.1799999999994,-8.820601432116664
2025-03-19,5097.56,109409600.0,2348468297,-527.6799999999994,-9.380577539802736
2025-03-20,5052.06,107899500.0,1736989111,-573.1799999999994,-10.189431917571508
2025-03-21,4955.4,132722700.0,2888814571,-669.8400000000001,-11.907758602299639
2025-03-24,4970.22,38576600.0,802917039,-655.0199999999995,-11.6443031763978
2025-03-25,4921.52,49107200.0,1143994421,-703.7199999999993,-12.510044015899757
2025-03-26,4876.78,92390100.0,1951713965.05,-748.46,-13.305387859006904
2025-03-27,4829.32,87091200.0,1748429470.0,-795.9200000000001,-14.149085194587254
2025-03-28,4795.77,40006900.0,796425218,-829.4699999999993,-14.745504191821139
2025-03-31,4741.76,86619200.0,1596924946,-883.4799999999996,-15.70564100376161
2025-04-01,4801.01,51329800.0,910504478,-824.2299999999996,-14.652352610733047
2025-04-02,4885.14,42387900.0,988952503,-740.0999999999995,-13.15677197772894
2025-04-03,4896.69,74468400.0,1108376758,-728.5500000000002,-12.951447404910727
2025-04-04,4833.64,116306100.0,1787459376,-791.5999999999995,-14.07228847124744
2025-04-08,4707.76,139095400.0,2308041666,-917.4799999999996,-16.310059659676735
2025-04-09,4787.62,101416700.0,1902152660.0,-837.6199999999999,-14.890386899047861
2025-04-10,4878.37,76710200.0,1465246481.4,-746.8699999999999,-13.277122398333224
2025-04-11,4871.52,289028400.0,1885151183.25,-753.7199999999993,-13.398894980480822
2025-04-16,4926.67,61162800.0,1343338781.17,-698.5699999999997,-12.41849236654791
2025-04-17,4921.75,51963300.0,1054585866,-703.4899999999998,-12.505955301462688
2025-04-18,4992.03,56030600.0,1001711622,-633.21,-11.256586385647546
2025-04-21,4977.07,52505700.0,884001890.0,-648.1700000000001,-11.522530594250203
2025-04-22,5006.96,72479100.0,1384688139.5,-618.2799999999997,-10.991175487623634
2025-04-23,4946.48,86203700.0,1448728115,-678.7600000000002,-12.066329614380903
2025-04-24,4877.05,99472500.0,2031592375.3,-748.1899999999996,-13.300588063798159
2025-04-25,4932.62,63106000.0,1953803370.0,-692.6199999999999,-12.312719101762767
2025-04-28,4857.7,74820000.0,1904811604,-767.54,-13.64457338709104
2025-04-29,4953.69,100183900.0,2627771566.85,-671.5500000000002,-11.93815730528831
2025-04-30,5007.95,92922600.0,2901839088,-617.29,-10.973576238524934
2025-05-02,5013.32,96360600.0,1588157540.0,-611.9200000000001,-10.878113644928929
2025-05-06,4982.09,69409200.0,1654408542,-643.1499999999996,-11.433289957406256
2025-05-07,5114.24,111388500.0,2440646439.28,-511.0,-9.084056858018503
2025-05-08,5011.98,64410800.0,1903130988.64,-613.2600000000002,-10.901934850779705
2025-05-09,5013.63,89579500.0,1619999390.77,-611.6099999999997,-10.87260276894852
2025-05-13,5029.68,82079200.0,1726038586.52,-595.5599999999995,-10.587281609317994
2025-05-14,5027.86,83391600.0,1427343072,-597.3800000000001,-10.619635784428755
2025-05-15,4940.08,101865300.0,1784654214.8,-685.1599999999999,-12.180102537847272
2025-05-16,4931.65,57844200.0,1276902305,-693.5900000000001,-12.329962810475646
2025-05-19,4873.57,81163500.0,1924631751,-751.6700000000001,-13.36245209093301
2025-05-20,4847.84,65843500.0,1706946958,-777.3999999999996,-13.819854797306421
2025-05-21,4763.91,128988200.0,2257742938,-861.3299999999999,-15.311880026452206
2025-05-22,4619.04,204574700.0,2544635598,-1006.1999999999998,-17.887236811229386
2025-05-23,4540.09,142429900.0,2901164483,-1085.1499999999996,-19.290732484302886
2025-05-26,4528.64,112768900.0,1865513560.38,-1096.5999999999995,-19.494279355191946
2025-05-27,4537.25,130537100.0,2071402742,-1087.9899999999998,-19.34121921909109
2025-05-28,4533.49,79085800.0,1265976171,-1091.75,-19.408060811627593
2025-05-29,4556.37,109904300.0,1516516754,-1068.87,-19.001322610235295
2025-05-30,4504.56,115213300.0,2940380569.58,-1120.6799999999994,-19.92234997973419
2025-06-04,4475.28,117200700.0,2752044619.72,-1149.96,-20.442861104592872
2025-06-05,4452.11,66657700.0,1252611441,-1173.13,-20.854754641579742
2025-06-06,4469.76,69667500.0,1214064162,-1155.4799999999996,-20.540990251082615
2025-06-09,4435.91,74129300.0,1163030384,-1189.33,-21.142742354104005
2025-06-10,4480.98,94795800.0,1246754099,-1144.2600000000002,-20.341532094630637
2025-06-11,4526.36,106702700.0,1735534313,-1098.88,-19.534810959176856
2025-06-12,4494.98,73363000.0,1212688402,-1130.2600000000002,-20.092653824547938
2025-06-13,4445.51,77964600.0,1644558146,-1179.7299999999996,-20.97208296890443
2025-06-16,4443.36,71086000.0,1426597711,-1181.88,-21.010303560381427
2025-06-17,4467.49,50137800.0,1046231192,-1157.75,-20.5813440848746
2025-06-18,4393.72,65535600.0,1153118116,-1231.5199999999995,-21.8927547980175
2025-06-19,4246.77,91456600.0,2179352774,-1378.4699999999993,-24.50508778292125
2025-06-20,4263.59,135454100.0,2027230577,-1361.6499999999996,-24.206078318436187
2025-06-23,4242.48,79603100.0,1473118208,-1382.7600000000002,-24.581351195682323
2025-06-24,4329.37,101210200.0,2052358993,-1295.87,-23.036705989433337
2025-06-25,4357.31,81471900.0,1487702642,-1267.9299999999994,-22.54001607042543
2025-06-26,4332.47,61814200.0,1171572208,-1292.7699999999995,-22.98159722962931
2025-06-27,4280.12,66978400.0,1338068971,-1345.12,-23.912224189545693
2025-06-30,4358.81,67062100.0,1379740667,-1266.4299999999994,-22.513350541488
2025-07-01,4391.67,67727700.0,1404332236,-1233.5699999999997,-21.929197687565328
2025-07-02,4349.36,66640700.0,1176663068,-1275.88,-22.681343373793833
2025-07-03,4348.49,113220100.0,2060761404,-1276.75,-22.69680938057754
2025-07-04,4340.6,55540000.0,1039302142,-1284.6399999999994,-22.837070062788424
2025-07-07,4298.56,82687200.0,1467814389,-1326.6799999999994,-23.584415953808183
2025-07-08,4296.04,64049000.0,1133368494,-1329.1999999999998,-23.629214042423076
2025-07-09,4274.78,61865500.0,940448803,-1350.46,-24.007153472562948
2025-07-11,4286.86,67149800.0,1203742368,-1338.38,-23.792407079520164
2025-07-14,4411.82,74409100.0,1688685586,-1213.42,-21.57099074883916
2025-07-15,4471.72,95670300.0,1612082352,-1153.5199999999995,-20.506147293271034
2025-07-16,4479.28,102881400.0,1897123287,-1145.96,-20.371753027426386
2025-07-17,4559.59,121490000.0,2425502226,-1065.6499999999996,-18.94408060811627
2025-07-18,4536.78,137287700.0,2662104277,-1088.46,-19.34957441815816
2025-07-21,4500.76,72768900.0,1464650184,-1124.4799999999996,-19.989902653042353
2025-07-22,4417.6,90297700.0,1845389648,-1207.6399999999994,-21.46823957733358
2025-07-23,4510.24,89053300.0,1842132719,-1115.0,-19.82137651015779
2025-07-24,4511.08,72688500.0,1516337788,-1114.1599999999999,-19.806443813952825
2025-07-25,4492.25,59804600.0,1167608865,-1132.9899999999998,-20.14118508721405
2025-07-29,4571.75,92714400.0,2419167035,-1053.4899999999998,-18.727912053530154
2025-07-30,4687.07,163977800.0,4783642017,-938.1700000000001,-16.67786618882039
2025-07-31,4704.27,151166400.0,5024978525,-920.9699999999993,-16.37210145700449
2025-08-01,4606.65,132424700.0,3215397474,-1018.5900000000001,-18.10749408025258
2025-08-04,4708.66,112318800.0,3243256016.77,-916.5799999999999,-16.294060342314285
2025-08-05,4938.97,266006900.0,6967700296,-686.2699999999995,-12.199835029260967
2025-08-06,4934.38,131948200.0,3992949969,-690.8599999999997,-12.281431547809511
2025-08-07,4916.79,88765700.0,2603450508,-708.4499999999998,-12.594129317149132
2025-08-08,4908.1,86466100.0,2015536840.0,-717.1399999999994,-12.748611614793315
2025-08-13,4990.12,147512700.0,3925469918.2,-635.1199999999999,-11.290540492494541
2025-08-14,4808.19,162345000.0,3974955845.78,-817.0500000000002,-14.524713612219216
2025-08-15,4689.17,212108100.0,4502188295,-936.0699999999997,-16.640534448307978
2025-08-18,4674.09,87902600.0,2358791608,-951.1499999999996,-16.90861189922563
2025-08-19,4659.87,72295700.0,2294409437.56,-965.3699999999999,-17.161401113552486
2025-08-20,4712.15,71954500.0,2132008099.93,-913.0900000000001,-16.232018544986527
2025-08-21,4664.93,71001300.0,2019258940.1,-960.3099999999995,-17.071449395936874
2025-08-22,4669.38,86573300.0,2299063629.8,-955.8599999999997,-16.992341660089163
2025-08-25,4658.29,100038500.0,2582212476,-966.9499999999998,-17.18948880403325
2025-08-26,4602.01,112974400.0,3454167963,-1023.2299999999996,-18.18997944976569
2025-08-27,4596.64,71343700.0,1981494654,-1028.5999999999995,-18.285442043361694
2025-08-28,4630.9,86013600.0,2571044838,-994.3400000000001,-17.676401362430763
2025-08-29,4599.96,68172800.0,2093874674.06,-1025.2799999999997,-18.22642233931352
2025-09-01,4610.32,77986700.0,1818974944,-1014.9200000000001,-18.042252419452325
2025-09-02,4657.69,100856400.0,2911048624,-967.5500000000002,-17.200155015608225
2025-09-03,4643.37,100292800.0,2887963346,-981.8699999999999,-17.45472193186424
2025-09-04,4638.36,80456100.0,1676907612,-986.8800000000001,-17.543784798515265
2025-09-05,4687.26,95722700.0,2099804347,-937.9799999999996,-16.674488555154973
2025-09-08,4664.68,89566700.0,1961598150.0,-960.5599999999995,-17.07589365075978
2025-09-09,4676.3,77577400.0,1582549107,-948.9399999999996,-16.869324686591142
2025-09-10,4702.32,90320000.0,1971110311,-922.9200000000001,-16.406766644623165
2025-09-11,4658.78,92305000.0,1786204508,-966.46,-17.180778064580355
2025-09-12,4672.73,45404600.0,879105801,-952.5100000000002,-16.932788645462242
2025-09-15,4677.72,64201700.0,1242455322,-947.5199999999995,-16.84408131919704
2025-09-16,4703.56,103653600.0,1787924256,-921.6799999999994,-16.384723140701542
2025-09-17,4686.35,68570200.0,1159691307,-938.8899999999994,-16.690665642710346
2025-09-18,4705.1,110434800.0,2678278872,-920.1399999999994,-16.357346530992444
2025-09-19,4659.52,168298100.0,3970370914.24,-965.7199999999993,-17.167623070304547
2025-09-22,4635.9,72509700.0,1271785745,-989.3400000000001,-17.587516265972656
2025-09-23,4613.55,71702500.0,1340747310.0,-1011.6899999999996,-17.984832647140383
2025-09-24,4627.95,130507200.0,2773853869,-997.29,-17.72884356934104
2025-09-25,4633.18,89611600.0,1313801232,-992.0599999999995,-17.635869758445853
2025-09-26,4619.76,112569000.0,1979935319,-1005.4799999999996,-17.874437357339414
2025-09-29,4635.09,114276000.0,1546012783,-990.1499999999996,-17.601915651598862
2025-09-30,4611.19,72661100.0,1388752373,-1014.0500000000002,-18.026786412668617
2025-10-01,4572.71,69071100.0,1247312291,-1052.5299999999997,-18.7108461150102
2025-10-02,4589.53,56929600.0,1180183906,-1035.71,-18.411836650525135
2025-10-03,4552.85,63776200.0,1042725034,-1072.3899999999994,-19.063897718141796
2025-10-06,4509.29,106987100.0,1930832470.0,-1115.9499999999998,-19.838264678484826
2025-10-07,4563.96,94541900.0,1571551315,-1061.2799999999997,-18.866395033811887
2025-10-08,4512.99,88623400.0,1215195607,-1112.25,-19.77248970710583
2025-10-09,4529.74,82656900.0,1383874528,-1095.5,-19.474724633971174
2025-10-10,4554.54,97951800.0,2085094825,-1070.6999999999998,-19.033854555538962
2025-10-14,4488.5,76081400.0,1494445967,-1136.7399999999998,-20.207848909557633
2025-10-15,4535.81,150871300.0,2308265194,-1089.4299999999994,-19.36681812687102
2025-10-16,4580.85,113354600.0,2549479232,-1044.3899999999994,-18.566141177976398
2025-10-17,4526.03,129831000.0,2682899005,-1099.21,-19.540677375543087
2025-10-20,4496.76,46686900.0,1108997480.0,-1128.4799999999996,-20.06101073020884
2025-10-21,4539.31,86358700.0,1279186669,-1085.9299999999994,-19.304598559350346
2025-10-22,4558.83,75252800.0,1495635640.0,-1066.4099999999999,-18.957591142777908
2025-10-24,4494.51,96383300.0,1831100368.6,-1130.7299999999996,-20.101009023614985
2025-10-27,4401.46,147996900.0,2851956737,-1223.7799999999997,-21.755160668700352
2025-10-28,4364.99,147907300.0,2909921504,-1260.25,-22.40348856226579
2025-10-29,4374.09,73820400.0,1399654097,-1251.1499999999996,-22.24171768671203
2025-10-30,4365.28,95354600.0,1706340476,-1259.96,-22.39833322667122
2025-10-31,4350.36,77013100.0,1578537899,-1274.88,-22.663566354502212
2025-11-03,4328.53,78968000.0,1439248468,-1296.71,-23.051638685638302
2025-11-04,4311.67,103671900.0,2241394955,-1313.5699999999997,-23.35135923089503
2025-11-05,4347.5,82093300.0,2038516008,-1277.7399999999998,-22.71440862967624
2025-11-06,4330.96,91480100.0,2666289080.0,-1294.2799999999997,-23.008440528759657
2025-11-07,4297.69,108242300.0,2544234091,-1327.5500000000002,-23.599881960591908
2025-11-10,4326.12,109283300.0,2272308812,-1299.12,-23.094481302131108
2025-11-11,4314.88,105583800.0,2001244509,-1310.3599999999997,-23.29429499896893
2025-11-12,4341.22,150761900.0,3200084551.05,-1284.0199999999995,-22.82604831082762
2025-11-13,4437.29,237591300.0,4643226575.28,-1187.9499999999998,-21.118210067481563
2025-11-14,4385.31,108768700.0,1964189174.64,-1239.9299999999994,-22.042259530260033
2025-11-17,4352.3,102569400.0,1864444091,-1272.9399999999996,-22.629078937076457
2025-11-18,4298.6,107829400.0,2074691840.0,-1326.6399999999994,-23.58370487303652
2025-11-19,4298.82,91775300.0,1635657239,-1326.42,-23.579793928792373
2025-11-20,4260.87,69415800.0,1423798417,-1364.37,-24.254431810909402
2025-11-21,4238.73,117323000.0,1840657775,-1386.5100000000002,-24.648015018025905
2025-11-24,4219.44,101648000.0,2233711533,-1405.8000000000002,-24.99093372016128
2025-11-25,4248.83,132684000.0,2638931865,-1376.4099999999999,-24.468467123180524
2025-11-26,4199.43,99872500.0,2044717220.0,-1425.8099999999995,-25.346651876186606
2025-11-27,4248.68,151682600.0,2634500268,-1376.5599999999995,-24.471133676074256
2025-11-28,4257.86,64380600.0,1449665711.81,-1367.38,-24.307940638977183
2025-12-01,4265.91,91766600.0,1747266241,-1359.33,-24.16483563367963
2025-12-02,4275.41,80554400.0,1400257504,-1349.83,-23.995953950409227
2025-12-03,4248.17,98400700.0,1728597924.76,-1377.0699999999997,-24.480199955912987
2025-12-04,4170.11,85233300.0,2405405531,-1455.13,-25.867874081816954
2025-12-08,4191.22,49056200.0,1403879708,-1434.0199999999995,-25.492601204570818
2025-12-09,4247.36,73152000.0,1883149279.96,-1377.88,-24.494599341539207
2025-12-11,4283.37,94276900.0,2203378093,-1341.87,-23.854448876847922
2025-12-12,4364.03,164694200.0,3131515457,-1261.21,-22.420554500785745
2025-12-15,4369.91,101324600.0,2128406740.38,-1255.33,-22.31602562735101
2025-12-16,4302.72,94157100.0,1550779118.76,-1322.5199999999995,-23.510463553555038
2025-12-17,4317.24,65712200.0,1197625596,-1308.0,-23.252341233440706
2025-12-18,4244.48,96433600.0,1699910767,-1380.7600000000002,-24.54579715709908
2025-12-19,4295.2,66855400.0,1170828925,-1330.04,-23.64414673862804
2025-12-22,4256.44,64179500.0,1249045475,-1368.8000000000002,-24.33318400637129
2025-12-23,4258.08,56286800.0,1223936692,-1367.1599999999999,-24.304029694733025
2025-12-24,4324.49,86187100.0,1759233601,-1300.75,-23.123457843576453
2025-12-25,4275.59,38280700.0,813189737,-1349.6499999999996,-23.99275408693673
2025-12-26,4280.68,39197300.0,673003137,-1344.5599999999995,-23.902269058742373
2025-12-29,4243.72,57474300.0,930890143,-1381.5199999999995,-24.559307691760697
2025-12-30,4237.11,74903000.0,1292790751,-1388.13,-24.676813789278324
2026-01-05,4257.59,73656300.0,1443501166,-1367.6499999999996,-24.312740434185915
2026-01-06,4226.01,89119100.0,2197218730.0,-1399.2299999999996,-24.874138703415312
2026-01-07,4267.28,156020100.0,2831037459,-1357.96,-24.140481117250108
2026-01-08,4238.12,98341400.0,2103151323,-1387.12,-24.658858999793786
2026-01-09,4133.34,122258500.0,3304991302,-1491.8999999999996,-26.521535081169866
2026-01-12,3976.23,213197100.0,5221101656,-1649.0099999999998,-29.314482582076494
2026-01-13,3891.52,233262100.0,4421256358,-1733.7199999999998,-30.82037388626974
2026-01-14,3959.93,128438900.0,2654273418.88,-1665.31,-29.604247996529928
2026-01-15,4050.17,103664000.0,2222810491,-1575.0699999999997,-28.000049775654013
2026-01-16,4103.56,84544900.0,2069453158.34,-1521.6799999999994,-27.050934715674344
2026-01-19,4221.52,140534000.0,3301152758.25,-1403.7199999999993,-24.95395752003469
2026-01-20,4319.81,222943200.0,5284066511,-1305.4299999999994,-23.20665429386123
2026-01-21,4413.97,152964100.0,4174225046,-1211.2699999999995,-21.53277015736217
2026-01-22,4358.06,251293200.0,5575810124,-1267.1799999999994,-22.526683305956713
2026-01-23,4361.35,108955700.0,3036654535,-1263.8899999999994,-22.46819691248728
2026-01-26,4391.12,106224300.0,2493901785,-1234.12,-21.93897504817572
2026-01-27,4379.38,109270200.0,2669146467,-1245.8599999999997,-22.147677254659353
2026-01-28,4374.71,66144800.0,1448538495,-1250.5299999999997,-22.230695934751225
2026-01-29,4377.01,95384900.0,1777241217,-1248.2299999999996,-22.189808790380493
2026-01-30,4378.42,58664700.0,1407232260.0,-1246.8199999999997,-22.16474319317931
2026-02-02,4331.02,64304900.0,1459913766,-1294.2199999999993,-23.007373907602155
2026-02-03,4319.68,117940100.0,2118255338,-1305.5599999999995,-23.20896530636914
2026-02-04,4337.49,75243000.0,1466044925,-1287.75,-22.892356592785376
2026-02-05,4414.47,143147200.0,2728070154,-1210.7699999999995,-21.523881647716358
2026-02-06,4487.86,174979700.0,3133704038,-1137.38,-20.219226201904277
2026-02-09,4542.62,201958500.0,5123204785,-1082.62,-19.245756625495087
2026-02-10,4602.66,102269400.0,3083413935,-1022.5799999999999,-18.178424387226144
2026-02-11,4617.38,146099700.0,3815885637,-1007.8599999999997,-17.916746663253473
2026-02-12,4661.64,126064800.0,2516220249.41,-963.5999999999995,-17.12993578940631
2026-02-13,4666.39,213192700.0,3902709600.0,-958.8499999999995,-17.045494947771108
2026-02-16,4723.76,135677000.0,2332225640.6,-901.4799999999996,-16.025627351010794
2026-02-17,4750.38,126930000.0,1697984797,-874.8599999999997,-15.552403097467836
2026-02-18,4748.19,96403800.0,1666037182,-877.0500000000002,-15.591334769716495
2026-02-19,4863.12,205358300.0,4508183779,-762.1199999999999,-13.54822194253045
2026-02-20,4797.13,165598900.0,3051944713,-828.1099999999997,-14.721327445584539
2026-02-23,4706.99,182943500.0,3251272895,-918.25,-16.323747964531293
2026-02-24,4704.92,194157200.0,3808981002,-920.3199999999997,-16.360546394464944
2026-02-25,4726.0,129950300.0,3026665263,-899.2399999999998,-15.985806827797566
2026-02-26,4839.44,182982700.0,4816346771,-785.8000000000002,-13.969181759356049
2026-02-27,4865.63,200210600.0,4599897186,-759.6099999999997,-13.503601624108478
2026-03-02,4564.64,220479500.0,6408095047,-1060.5999999999995,-18.854306660693577
2026-03-04,4331.95,356584400.0,7970640415,-1293.29,-22.99084127966096
2026-03-05,4347.97,221951000.0,5265014555,-1277.2699999999995,-22.706053430609177
2026-03-06,4297.13,155482800.0,3538964378.75,-1328.1099999999997,-23.609837091395207
2026-03-09,4274.56,180186300.0,3968092171.16,-1350.6799999999994,-24.011064416807095
2026-03-10,4280.02,201490300.0,4476935428,-1345.2199999999993,-23.914001891474843
2026-03-11,4282.56,124147700.0,2886953239,-1342.6799999999994,-23.868848262474124
2026-03-12,4272.98,166862900.0,3753854157,-1352.2600000000002,-24.039152107287872
2026-03-13,4280.13,136007800.0,3015994158.98,-1345.1099999999997,-23.91204641935277
2026-03-16,4280.48,70749200.0,2017473762,-1344.7600000000002,-23.905824462600712
2026-03-17,4254.59,105962900.0,2585129568,-1370.6499999999996,-24.36607149206078
2026-03-18,4216.81,95081800.0,2176982740.0,-1408.4299999999994,-25.03768728089823
2026-03-19,4124.32,135856200.0,2934302757,-1500.92,-26.681883795180294
2026-03-20,4192.95,137938300.0,3093290965,-1432.29,-25.461846961196322
2026-03-23,4081.23,186557000.0,3153620912,-1544.0099999999998,-27.447895556456253
2026-03-24,4094.58,83303700.0,1631315013,-1530.6599999999999,-27.210572348913114
2026-03-25,4191.76,153320000.0,3482868400.0,-1433.4799999999996,-25.48300161415334
2026-03-26,4113.64,73952300.0,1815790861,-1511.5999999999995,-26.8717423612148
2026-03-27,4134.81,114452700.0,2510154287,-1490.4299999999994,-26.495402862811176
2026-03-30,4142.14,104338800.0,2276633299,-1483.0999999999995,-26.36509731140359
2026-03-31,4197.07,152934400.0,3235021064,-1428.17,-25.388605641714843
2026-04-01,4260.5,157309200.0,3352328622,-1364.7399999999998,-24.261009308047296
2026-04-02,4255.32,94612000.0,2602003089,-1369.92,-24.3530942679779
2026-04-03,4234.43,75413800.0,1658845549,-1390.8099999999995,-24.72445620097986
2026-04-07,4207.76,62576600.0,1383506465,-1417.4799999999996,-25.1985693054874
2026-04-08,4291.1,131693800.0,3370840902,-1334.1399999999994,-23.71703251772368
2026-04-09,4223.8,83034600.0,2377905911,-1401.4399999999996,-24.9134259160498
2026-04-10,4219.82,85161500.0,1945669132,-1405.42,-24.98417845283046
2026-04-16,4247.58,159430000.0,3849978992.28,-1377.6599999999999,-24.49068839729505
2026-04-17,4263.35,80893600.0,1816164581,-1361.8899999999994,-24.21034480306617
2026-04-20,4235.99,58696900.0,1412055102,-1389.25,-24.696724050884942
2026-04-21,4229.8,58632500.0,1307881787,-1395.4399999999996,-24.80676380030007
2026-04-22,4213.15,44319300.0,1426213005,-1412.0900000000001,-25.102751171505574
2026-04-23,4197.69,71582100.0,2203868502,-1427.5500000000002,-25.377583889754042
2026-04-24,4199.44,56332300.0,1631352275.68,-1425.8000000000002,-25.346474105993707
2026-04-27,4180.8,53350500.0,1238116340.0,-1444.4399999999996,-25.677837745589517
2026-04-28,4159.53,75312000.0,1541560423,-1465.71,-26.05595494592231
2026-04-29,4223.19,97704900.0,2489760485.34,-1402.0500000000002,-24.924269897817698
2026-04-30,4223.51,78129300.0,2291072177,-1401.7299999999996,-24.918581251644365
2026-05-05,4237.35,125087000.0,2674062403.16,-1387.8899999999994,-24.672547304648326
2026-05-06,4220.63,115812200.0,2480231494,-1404.6099999999997,-24.96977906720424
2026-05-07,4223.42,197004100.0,4186929667,-1401.8199999999997,-24.920181183380617
2026-05-08,4216.53,51728900.0,1218992020.0,-1408.71,-25.042664846299893
2026-05-11,4201.73,58606300.0,1280916139,-1423.5100000000002,-25.30576473181589
2026-05-12,4183.82,54155500.0,910632880.0,-1441.42,-25.624151147328828
2026-05-13,4159.71,105977000.0,1764288910.0,-1465.5299999999997,-26.05275508244981
2026-05-14,4210.77,159511400.0,2641421845,-1414.4699999999993,-25.14506047741962
2026-05-15,4183.11,111890200.0,1693793941,-1442.13,-25.636772831025876
2026-05-18,4179.07,63383000.0,1075932413,-1446.17,-25.708591988964027
2026-05-19,4179.33,76004500.0,1100726820.0,-1445.9099999999999,-25.703969963948207
2026-05-20,4138.01,142927100.0,3125652214,-1487.2299999999996,-26.43851640107799
2026-05-21,4146.59,58271300.0,1072341325,-1478.6499999999996,-26.285989575555885
2026-05-22,4134.19,71736400.0,1036091412,-1491.0500000000002,-26.506424614771998
2026-05-25,4163.54,123595000.0,1721620228,-1461.6999999999998,-25.9846690985629
2026-05-26,4183.15,107953047,2274894191.45,-1442.0900000000001,-25.636061750254214
2026-05-27,4187.91,101184200.0,1376294604,-1437.33,-25.551443138426094
2026-05-28,4181.22,212609300.0,1660269040.0,-1444.0199999999995,-25.67037139748703
2026-05-29,4195.1,192022400.0,3474172122,-1430.1399999999994,-25.423626369719326
2026-06-02,4186.57,161210800.0,2208921149.58,-1438.67,-25.575264344276867
2026-06-04,4179.66,111790800.0,1768021136,-1445.58,-25.698103547581972
2026-06-05,4243.05,196642800.0,4540491953,-1382.1899999999996,-24.57121829468609
2026-06-08,4180.4,126691400.0,2172604972,-1444.8400000000001,-25.68494855330617
2026-06-09,4160.02,119412700.0,2335911624.88,-1465.2199999999993,-26.047244206469404
2026-06-10,4128.28,93499200.0,1639661705,-1496.96,-26.611486798785474
2026-06-11,4115.76,108971100.0,1914818312,-1509.4799999999996,-26.834055080316563
2026-06-12,4138.69,80447100.0,1400631483,-1486.5500000000002,-26.4264280279597
2026-06-15,4204.86,104676900.0,3120564643,-1420.38,-25.250122661433114
2026-06-16,4217.08,130922700.0,1975841734,-1408.1599999999999,-25.0328874856895
2026-06-17,4265.15,196337600.0,2806542639,-1360.0900000000001,-24.178346168341264
2026-06-18,4232.85,158702400.0,2487478163,-1392.3899999999994,-24.752543891460622
2026-06-19,4237.19,178898200.0,2819397901,-1388.0500000000002,-24.675391627735
2026-06-22,4253.33,92840700.0,1779658695,-1371.9099999999999,-24.388470536368228
2026-06-23,4205.45,128794300.0,1897856198,-1419.79,-25.239634220051055
2026-06-24,4241.7,85335500.0,1596343914,-1383.54,-24.595217270729783
2026-06-25,4265.51,185141700.0,2860410916,-1359.7299999999996,-24.17194644139627
2026-06-26,4340.65,224787000.0,4478676687,-1284.5900000000001,-22.836181211823856
2026-06-29,4413.48,223340800.0,3935483237,-1211.7600000000002,-21.541480896815074
2026-06-30,4379.39,179891400.0,3579690447,-1245.8499999999995,-22.14749948446643
2026-07-01,4380.11,110882400.0,1803629717,-1245.13,-22.134700030576475
2026-07-02,4467.63,161559200.0,3035693830.0,-1157.6099999999997,-20.57885530217377
2026-07-03,4511.9,168421300.0,3311369263,-1113.3400000000001,-19.7918666581337
2026-07-06,4453.17,152531300.0,3102560597.06,-1172.0699999999997,-20.835911001130615
2026-07-07,4441.5,127388400.0,2653748827,-1183.7399999999998,-21.043368816263836
2026-07-08,4335.98,199499500.0,3871518528,-1289.2600000000002,-22.919199891915728
2026-07-09,4395.55,84019000.0,1655805786,-1229.6899999999996,-21.860222852713832
2026-07-10,4418.2,97132400.0,1578165391,-1207.04,-21.457573365758616
2026-07-13,4386.61,99014000.0,2208063549,-1238.63,-22.019149405180936
2026-07-14,4366.59,120316600.0,1946331537,-1258.6499999999996,-22.37504533139919
2026-07-15,4386.92,89751500.0,1384134181,-1238.3199999999997,-22.013638529200527
2026-07-16,4437.94,146288800.0,2138802589.84,-1187.3000000000002,-21.106655004942017
2026-07-17,4447.14,130529300.0,2186957145,-1178.0999999999995,-20.943106427459085
2026-07-20,4417.72,150038000.0,2928456485,-1207.5199999999995,-21.466106335018587
2026-07-21,4402.94,135182700.0,1953917191,-1222.3000000000002,-21.72885068014876
2026-07-22,4379.26,116015500.0,1859623242,-1245.9799999999996,-22.149810496974343
2026-07-23,4336.86,117887500.0,1988918891,-1288.38,-22.9035561149391
2026-07-24,4288.28,148184900.0,2915186716,-1336.96,-23.767163712126063
2026-07-27,4331.38,71241800.0,1710513720.0,-1293.8599999999997,-23.000974180657177
2026-07-30,4344.86,130720000.0,2847491312,-1280.38,-22.76133996060613
2026-07-31,4383.05,129129500.0,2446862647,-1242.1899999999996,-22.0824355938591
2026-08-03,4443.08,134591800.0,2475777784,-1182.1599999999999,-21.015281125783076
2026-08-04,4439.21,178422300.0,2855982295,-1186.0299999999997,-21.084078190441648
2026-08-05,4451.74,144418400.0,2742530033,-1173.5,-20.86133213871764
2026-08-06,4510.77,274487500.0,4640951673.5,-1114.4699999999993,-19.81195468993322
2026-08-07,4540.81,137148600.0,2217097763,-1084.4299999999994,-19.277933030412914
2026-08-10,4504.06,83811700.0,1934867507,-1121.1799999999994,-19.93123848938
2026-08-11,4464.85,138338200.0,2970372408,-1160.3899999999994,-20.62827541580447
2026-08-13,4459.6,102255100.0,1914704527,-1165.6399999999994,-20.721604767085484
2026-08-14,4476.74,151887500.0,3662474965,-1148.5,-20.416906656427106
2026-08-17,4453.23,86961200.0,1927609873,-1172.0100000000002,-20.834844379973127
2026-08-18,4460.45,160554900.0,3857292655,-1164.79,-20.706494300687616
2026-08-19,4465.25,104939800.0,2601592347,-1159.9899999999998,-20.621164608087827
2026-08-20,4537.44,313691100.0,5608780116,-1087.8000000000002,-19.337841585425693
2026-08-21,4561.47,192911800.0,3743470185,-1063.7699999999995,-18.91065981184802
2026-08-24,4553.82,169157500.0,3802710621,-1071.42,-19.04665400942893
2026-08-25,4550.09,123418900.0,2777231196,-1075.1499999999996,-19.112962291386673
2026-08-26,4561.52,97653500.0,2303136324,-1063.7199999999993,-18.90977096088344
2026-08-27,4513.49,107092600.0,2059397468,-1111.75,-19.76360119746002
2026-08-28,4457.05,123354400.0,2363412451,-1168.1899999999996,-20.76693616627912
2026-08-31,4452.44,356406300.0,2693394104,-1172.8000000000002,-20.848888225213507
2026-09-01,4506.39,303058700.0,4273983819,-1118.8499999999995,-19.889818034430522
2026-09-02,4462.58,172793100.0,2944076528,-1162.6599999999999,-20.66862924959646
2026-09-03,4587.66,369785100.0,6735027094,-1037.58,-18.445079676600464
2026-09-04,4558.65,172331600.0,2901535302,-1066.5900000000001,-18.960791006250403
2026-09-07,4563.65,132989800.0,2181068537,-1061.5900000000001,-18.871905909792297
2026-09-08,4544.33,93374900.0,2442492654,-1080.9099999999999,-19.215357922506417
2026-09-09,4505.03,103762000.0,1829836983,-1120.21,-19.913994780667135
2026-09-10,4563.83,128401900.0,2138439352,-1061.4099999999999,-18.8687060463198
2026-09-11,4523.33,90185400.0,1573006180.0,-1101.9099999999999,-19.588675327630465
2026-09-14,4505.51,71751700.0,1264058352.8,-1119.7299999999996,-19.90546181140715
2026-09-15,4569.49,219299300.0,3103534707,-1055.75,-18.768088117129224
2026-09-16,4540.1,115448100.0,1873983889,-1085.1399999999994,-19.290554714109966
2026-09-17,4570.57,123486100.0,1661512047,-1054.67,-18.748888936294275
2026-09-18,4528.83,122468900.0,2477618142,-1096.4099999999999,-19.490901721526548
2026-09-21,4516.57,93109100.0,1086887611,-1108.67,-19.708847978041828
2026-09-22,4524.08,88720100.0,1216636125,-1101.1599999999999,-19.575342563161747
2026-09-23,4555.19,103203700.0,1965491076,-1070.0500000000002,-19.022299492999412
2026-09-24,4519.23,72714700.0,1183263655,-1106.0100000000002,-19.66156110672612
2026-09-25,4550.25,126140700.0,1531438139,-1074.9899999999998,-19.110117968300013
